-- MySQL Script generated by MySQL Workbench
-- Fri May  6 13:01:36 2022
-- Model: New Model    Version: 1.0
-- MySQL Workbench Forward Engineering

SET @OLD_UNIQUE_CHECKS=@@UNIQUE_CHECKS, UNIQUE_CHECKS=0;
SET @OLD_FOREIGN_KEY_CHECKS=@@FOREIGN_KEY_CHECKS, FOREIGN_KEY_CHECKS=0;
SET @OLD_SQL_MODE=@@SQL_MODE, SQL_MODE='ONLY_FULL_GROUP_BY,STRICT_TRANS_TABLES,NO_ZERO_IN_DATE,NO_ZERO_DATE,ERROR_FOR_DIVISION_BY_ZERO,NO_ENGINE_SUBSTITUTION';

-- -----------------------------------------------------
-- Schema niceweatherdb
-- -----------------------------------------------------
DROP SCHEMA IF EXISTS `niceweatherdb` ;

-- -----------------------------------------------------
-- Schema niceweatherdb
-- -----------------------------------------------------
CREATE SCHEMA IF NOT EXISTS `niceweatherdb` DEFAULT CHARACTER SET utf8 ;
USE `niceweatherdb` ;

-- -----------------------------------------------------
-- Table `niceweatherdb`.`category`
-- -----------------------------------------------------
DROP TABLE IF EXISTS `niceweatherdb`.`category` ;

CREATE TABLE IF NOT EXISTS `niceweatherdb`.`category` (
  `id` INT NOT NULL AUTO_INCREMENT,
  `name` VARCHAR(45) NULL,
  PRIMARY KEY (`id`))
ENGINE = InnoDB;


-- -----------------------------------------------------
-- Table `niceweatherdb`.`geometry`
-- -----------------------------------------------------
DROP TABLE IF EXISTS `niceweatherdb`.`geometry` ;

CREATE TABLE IF NOT EXISTS `niceweatherdb`.`geometry` (
  `id` INT NOT NULL AUTO_INCREMENT,
  `type` VARCHAR(45) NULL,
  PRIMARY KEY (`id`))
ENGINE = InnoDB;


-- -----------------------------------------------------
-- Table `niceweatherdb`.`relative_location`
-- -----------------------------------------------------
DROP TABLE IF EXISTS `niceweatherdb`.`relative_location` ;

CREATE TABLE IF NOT EXISTS `niceweatherdb`.`relative_location` (
  `id` INT NOT NULL,
  `geometry_id` INT NOT NULL,
  `type` VARCHAR(45) NULL,
  `city` VARCHAR(45) NULL,
  `state` VARCHAR(45) NULL,
  `distance_unit_code` VARCHAR(45) NULL,
  `distance` DOUBLE NULL,
  `bearing_unit_code` VARCHAR(45) NULL,
  `bearing` INT NULL,
  PRIMARY KEY (`id`),
  INDEX `fk_relative_location_geometry1_idx` (`geometry_id` ASC),
  CONSTRAINT `fk_relative_location_geometry1`
    FOREIGN KEY (`geometry_id`)
    REFERENCES `niceweatherdb`.`geometry` (`id`)
    ON DELETE NO ACTION
    ON UPDATE NO ACTION)
ENGINE = InnoDB;


-- -----------------------------------------------------
-- Table `niceweatherdb`.`coordinate`
-- -----------------------------------------------------
DROP TABLE IF EXISTS `niceweatherdb`.`coordinate` ;

CREATE TABLE IF NOT EXISTS `niceweatherdb`.`coordinate` (
  `id` INT NOT NULL AUTO_INCREMENT,
  `latitude` DOUBLE NULL,
  `longitude` DOUBLE NULL,
  PRIMARY KEY (`id`))
ENGINE = InnoDB;


-- -----------------------------------------------------
-- Table `niceweatherdb`.`mountain_range`
-- -----------------------------------------------------
DROP TABLE IF EXISTS `niceweatherdb`.`mountain_range` ;

CREATE TABLE IF NOT EXISTS `niceweatherdb`.`mountain_range` (
  `id` INT NOT NULL AUTO_INCREMENT,
  `parent_id` INT NULL,
  `name` VARCHAR(45) NULL,
  PRIMARY KEY (`id`),
  INDEX `fk_mountain_range_mountain_range1_idx` (`parent_id` ASC),
  CONSTRAINT `fk_mountain_range_mountain_range1`
    FOREIGN KEY (`parent_id`)
    REFERENCES `niceweatherdb`.`mountain_range` (`id`)
    ON DELETE NO ACTION
    ON UPDATE NO ACTION)
ENGINE = InnoDB;


-- -----------------------------------------------------
-- Table `niceweatherdb`.`location`
-- -----------------------------------------------------
DROP TABLE IF EXISTS `niceweatherdb`.`location` ;

CREATE TABLE IF NOT EXISTS `niceweatherdb`.`location` (
  `id` INT NOT NULL AUTO_INCREMENT,
  `coordinate_id` INT NOT NULL,
  `mountain_range_id` INT NULL,
  `name` VARCHAR(45) NULL,
  `elevation` DOUBLE NULL,
  PRIMARY KEY (`id`),
  INDEX `fk_location_coordinate1_idx` (`coordinate_id` ASC),
  INDEX `fk_location_mountain_range1_idx` (`mountain_range_id` ASC),
  CONSTRAINT `fk_location_coordinate1`
    FOREIGN KEY (`coordinate_id`)
    REFERENCES `niceweatherdb`.`coordinate` (`id`)
    ON DELETE NO ACTION
    ON UPDATE NO ACTION,
  CONSTRAINT `fk_location_mountain_range1`
    FOREIGN KEY (`mountain_range_id`)
    REFERENCES `niceweatherdb`.`mountain_range` (`id`)
    ON DELETE NO ACTION
    ON UPDATE NO ACTION)
ENGINE = InnoDB;


-- -----------------------------------------------------
-- Table `niceweatherdb`.`point`
-- -----------------------------------------------------
DROP TABLE IF EXISTS `niceweatherdb`.`point` ;

CREATE TABLE IF NOT EXISTS `niceweatherdb`.`point` (
  `id` INT NOT NULL AUTO_INCREMENT,
  `location_id` INT NOT NULL,
  `geometry_id` INT NOT NULL,
  `relative_location_id` INT NOT NULL,
  `id_url` VARCHAR(100) NULL,
  `type` VARCHAR(45) NULL,
  `properties_id` VARCHAR(100) NULL,
  `properties_type` VARCHAR(45) NULL,
  `cwa` VARCHAR(45) NULL,
  `grid_id` VARCHAR(45) NULL,
  `grid_x` VARCHAR(45) NULL,
  `grid_y` VARCHAR(45) NULL,
  `time_zone` VARCHAR(45) NULL,
  `radar_station` VARCHAR(45) NULL,
  PRIMARY KEY (`id`),
  INDEX `fk_point_geometry1_idx` (`geometry_id` ASC),
  INDEX `fk_point_relative_location1_idx` (`relative_location_id` ASC),
  INDEX `fk_point_location1_idx` (`location_id` ASC),
  CONSTRAINT `fk_point_geometry1`
    FOREIGN KEY (`geometry_id`)
    REFERENCES `niceweatherdb`.`geometry` (`id`)
    ON DELETE NO ACTION
    ON UPDATE NO ACTION,
  CONSTRAINT `fk_point_relative_location1`
    FOREIGN KEY (`relative_location_id`)
    REFERENCES `niceweatherdb`.`relative_location` (`id`)
    ON DELETE NO ACTION
    ON UPDATE NO ACTION,
  CONSTRAINT `fk_point_location1`
    FOREIGN KEY (`location_id`)
    REFERENCES `niceweatherdb`.`location` (`id`)
    ON DELETE NO ACTION
    ON UPDATE NO ACTION)
ENGINE = InnoDB;


-- -----------------------------------------------------
-- Table `niceweatherdb`.`location_category`
-- -----------------------------------------------------
DROP TABLE IF EXISTS `niceweatherdb`.`location_category` ;

CREATE TABLE IF NOT EXISTS `niceweatherdb`.`location_category` (
  `location_id` INT NOT NULL,
  `category_id` INT NOT NULL,
  PRIMARY KEY (`location_id`, `category_id`),
  INDEX `fk_location_has_category_category1_idx` (`category_id` ASC),
  INDEX `fk_location_has_category_location_idx` (`location_id` ASC),
  CONSTRAINT `fk_location_has_category_location`
    FOREIGN KEY (`location_id`)
    REFERENCES `niceweatherdb`.`location` (`id`)
    ON DELETE NO ACTION
    ON UPDATE NO ACTION,
  CONSTRAINT `fk_location_has_category_category1`
    FOREIGN KEY (`category_id`)
    REFERENCES `niceweatherdb`.`category` (`id`)
    ON DELETE NO ACTION
    ON UPDATE NO ACTION)
ENGINE = InnoDB;


-- -----------------------------------------------------
-- Table `niceweatherdb`.`geometry_coordinate`
-- -----------------------------------------------------
DROP TABLE IF EXISTS `niceweatherdb`.`geometry_coordinate` ;

CREATE TABLE IF NOT EXISTS `niceweatherdb`.`geometry_coordinate` (
  `geometry_id` INT NOT NULL,
  `coordinate_id` INT NOT NULL,
  PRIMARY KEY (`geometry_id`, `coordinate_id`),
  INDEX `fk_coordinate_has_geometry_geometry1_idx` (`geometry_id` ASC),
  INDEX `fk_coordinate_has_geometry_coordinate1_idx` (`coordinate_id` ASC),
  CONSTRAINT `fk_coordinate_has_geometry_coordinate1`
    FOREIGN KEY (`coordinate_id`)
    REFERENCES `niceweatherdb`.`coordinate` (`id`)
    ON DELETE NO ACTION
    ON UPDATE NO ACTION,
  CONSTRAINT `fk_coordinate_has_geometry_geometry1`
    FOREIGN KEY (`geometry_id`)
    REFERENCES `niceweatherdb`.`geometry` (`id`)
    ON DELETE NO ACTION
    ON UPDATE NO ACTION)
ENGINE = InnoDB;


-- -----------------------------------------------------
-- Table `niceweatherdb`.`forecast`
-- -----------------------------------------------------
DROP TABLE IF EXISTS `niceweatherdb`.`forecast` ;

CREATE TABLE IF NOT EXISTS `niceweatherdb`.`forecast` (
  `id` INT NOT NULL,
  `geometry_id` INT NOT NULL,
  `url` VARCHAR(100) NULL,
  `is_hourly` TINYINT NULL,
  `type` VARCHAR(45) NULL,
  `updated` DATETIME NULL,
  `units` VARCHAR(45) NULL,
  `forecast_generator` VARCHAR(45) NULL,
  `generated_at` DATETIME NULL,
  `update_time` DATETIME NULL,
  `valid_times_begin` DATETIME NULL,
  `valid_times_end` DATETIME NULL,
  `elevation_unit_code` VARCHAR(45) NULL,
  `elevation` DOUBLE NULL,
  PRIMARY KEY (`id`),
  INDEX `fk_forecast_geometry1_idx` (`geometry_id` ASC),
  CONSTRAINT `fk_forecast_geometry1`
    FOREIGN KEY (`geometry_id`)
    REFERENCES `niceweatherdb`.`geometry` (`id`)
    ON DELETE NO ACTION
    ON UPDATE NO ACTION)
ENGINE = InnoDB;


-- -----------------------------------------------------
-- Table `niceweatherdb`.`point_forecast`
-- -----------------------------------------------------
DROP TABLE IF EXISTS `niceweatherdb`.`point_forecast` ;

CREATE TABLE IF NOT EXISTS `niceweatherdb`.`point_forecast` (
  `point_id` INT NOT NULL,
  `forecast_id` INT NOT NULL,
  PRIMARY KEY (`point_id`, `forecast_id`),
  INDEX `fk_point_has_forecast_forecast1_idx` (`forecast_id` ASC),
  INDEX `fk_point_has_forecast_point1_idx` (`point_id` ASC),
  CONSTRAINT `fk_point_has_forecast_point1`
    FOREIGN KEY (`point_id`)
    REFERENCES `niceweatherdb`.`point` (`id`)
    ON DELETE NO ACTION
    ON UPDATE NO ACTION,
  CONSTRAINT `fk_point_has_forecast_forecast1`
    FOREIGN KEY (`forecast_id`)
    REFERENCES `niceweatherdb`.`forecast` (`id`)
    ON DELETE NO ACTION
    ON UPDATE NO ACTION)
ENGINE = InnoDB;


-- -----------------------------------------------------
-- Table `niceweatherdb`.`period`
-- -----------------------------------------------------
DROP TABLE IF EXISTS `niceweatherdb`.`period` ;

CREATE TABLE IF NOT EXISTS `niceweatherdb`.`period` (
  `id` INT NOT NULL,
  `forecast_id` INT NOT NULL,
  `number` INT NULL,
  `name` VARCHAR(45) NULL,
  `start_time` DATETIME NULL,
  `end_time` DATETIME NULL,
  `is_daytime` TINYINT NULL,
  `temperature` INT NULL,
  `temperature_unit` VARCHAR(45) NULL,
  `temperature_trend` VARCHAR(45) NULL,
  `wind_speed` VARCHAR(45) NULL,
  `wind_min` VARCHAR(45) NULL,
  `wind_max` VARCHAR(45) NULL,
  `wind_direction` VARCHAR(45) NULL,
  `icon` VARCHAR(100) NULL,
  `short_forecast` VARCHAR(255) NULL,
  `detailed_forecast` TEXT NULL,
  PRIMARY KEY (`id`),
  INDEX `fk_period_forecast1_idx` (`forecast_id` ASC),
  CONSTRAINT `fk_period_forecast1`
    FOREIGN KEY (`forecast_id`)
    REFERENCES `niceweatherdb`.`forecast` (`id`)
    ON DELETE NO ACTION
    ON UPDATE NO ACTION)
ENGINE = InnoDB;

SET SQL_MODE = '';
DROP USER IF EXISTS weather@localhost;
SET SQL_MODE='ONLY_FULL_GROUP_BY,STRICT_TRANS_TABLES,NO_ZERO_IN_DATE,NO_ZERO_DATE,ERROR_FOR_DIVISION_BY_ZERO,NO_ENGINE_SUBSTITUTION';
CREATE USER 'weather'@'localhost' IDENTIFIED BY 'weather';

GRANT SELECT, INSERT, TRIGGER ON TABLE `niceweatherdb`.* TO 'weather'@'localhost';
GRANT SELECT, INSERT, TRIGGER, UPDATE, DELETE ON TABLE `niceweatherdb`.* TO 'weather'@'localhost';

SET SQL_MODE=@OLD_SQL_MODE;
SET FOREIGN_KEY_CHECKS=@OLD_FOREIGN_KEY_CHECKS;
SET UNIQUE_CHECKS=@OLD_UNIQUE_CHECKS;

-- -----------------------------------------------------
-- Data for table `niceweatherdb`.`category`
-- -----------------------------------------------------
START TRANSACTION;
USE `niceweatherdb`;
INSERT INTO `niceweatherdb`.`category` (`id`, `name`) VALUES (1, 'Peak');
INSERT INTO `niceweatherdb`.`category` (`id`, `name`) VALUES (2, 'Trailhead');
INSERT INTO `niceweatherdb`.`category` (`id`, `name`) VALUES (3, 'Colorado 14er');
INSERT INTO `niceweatherdb`.`category` (`id`, `name`) VALUES (4, 'Colorado 13er');
INSERT INTO `niceweatherdb`.`category` (`id`, `name`) VALUES (5, 'User Created');

COMMIT;


-- -----------------------------------------------------
-- Data for table `niceweatherdb`.`geometry`
-- -----------------------------------------------------
START TRANSACTION;
USE `niceweatherdb`;
INSERT INTO `niceweatherdb`.`geometry` (`id`, `type`) VALUES (1, 'Point');
INSERT INTO `niceweatherdb`.`geometry` (`id`, `type`) VALUES (2, 'Point');
INSERT INTO `niceweatherdb`.`geometry` (`id`, `type`) VALUES (3, 'Polygon');
INSERT INTO `niceweatherdb`.`geometry` (`id`, `type`) VALUES (4, 'Polygon');

COMMIT;


-- -----------------------------------------------------
-- Data for table `niceweatherdb`.`relative_location`
-- -----------------------------------------------------
START TRANSACTION;
USE `niceweatherdb`;
INSERT INTO `niceweatherdb`.`relative_location` (`id`, `geometry_id`, `type`, `city`, `state`, `distance_unit_code`, `distance`, `bearing_unit_code`, `bearing`) VALUES (1, 2, 'Feature', 'Twin Lakes', 'CO', 'wmoUnit:m', 11008.865990169001, 'wmoUnit:degree_(angle)', 278);

COMMIT;


-- -----------------------------------------------------
-- Data for table `niceweatherdb`.`coordinate`
-- -----------------------------------------------------
START TRANSACTION;
USE `niceweatherdb`;
INSERT INTO `niceweatherdb`.`coordinate` (`id`, `latitude`, `longitude`) VALUES (1, 39.11771, -106.445335);
INSERT INTO `niceweatherdb`.`coordinate` (`id`, `latitude`, `longitude`) VALUES (2, 39.117699999999999, -106.4453);
INSERT INTO `niceweatherdb`.`coordinate` (`id`, `latitude`, `longitude`) VALUES (3, 39.103709000000002, -106.318985);
INSERT INTO `niceweatherdb`.`coordinate` (`id`, `latitude`, `longitude`) VALUES (4, 39.1172674, -106.4610958);
INSERT INTO `niceweatherdb`.`coordinate` (`id`, `latitude`, `longitude`) VALUES (5, 39.0952316, -106.4586896);
INSERT INTO `niceweatherdb`.`coordinate` (`id`, `latitude`, `longitude`) VALUES (6, 39.0970978, -106.4302713);
INSERT INTO `niceweatherdb`.`coordinate` (`id`, `latitude`, `longitude`) VALUES (7, 39.1191338, -106.43267160000001);
INSERT INTO `niceweatherdb`.`coordinate` (`id`, `latitude`, `longitude`) VALUES (8, 39.1172674, -106.4610958);
INSERT INTO `niceweatherdb`.`coordinate` (`id`, `latitude`, `longitude`) VALUES (9, 39.117267400000003, -106.4610958);
INSERT INTO `niceweatherdb`.`coordinate` (`id`, `latitude`, `longitude`) VALUES (10, 39.095231600000005, -106.4586896);
INSERT INTO `niceweatherdb`.`coordinate` (`id`, `latitude`, `longitude`) VALUES (11, 39.097097800000007, -106.4302713);
INSERT INTO `niceweatherdb`.`coordinate` (`id`, `latitude`, `longitude`) VALUES (12, 39.119133800000007, -106.43267160000001);
INSERT INTO `niceweatherdb`.`coordinate` (`id`, `latitude`, `longitude`) VALUES (13, 39.117267400000003, -106.4610958);

COMMIT;


-- -----------------------------------------------------
-- Data for table `niceweatherdb`.`mountain_range`
-- -----------------------------------------------------
START TRANSACTION;
USE `niceweatherdb`;
INSERT INTO `niceweatherdb`.`mountain_range` (`id`, `parent_id`, `name`) VALUES (1, NULL, 'Rocky Mountains');
INSERT INTO `niceweatherdb`.`mountain_range` (`id`, `parent_id`, `name`) VALUES (2, 1, 'Rocky Mountains (CO)');
INSERT INTO `niceweatherdb`.`mountain_range` (`id`, `parent_id`, `name`) VALUES (3, 2, 'Front');
INSERT INTO `niceweatherdb`.`mountain_range` (`id`, `parent_id`, `name`) VALUES (4, 2, 'Tenmile');
INSERT INTO `niceweatherdb`.`mountain_range` (`id`, `parent_id`, `name`) VALUES (5, 2, 'Mosquito');
INSERT INTO `niceweatherdb`.`mountain_range` (`id`, `parent_id`, `name`) VALUES (6, 2, 'Sawatch');
INSERT INTO `niceweatherdb`.`mountain_range` (`id`, `parent_id`, `name`) VALUES (7, 2, 'Gore');
INSERT INTO `niceweatherdb`.`mountain_range` (`id`, `parent_id`, `name`) VALUES (8, 2, 'Elk');
INSERT INTO `niceweatherdb`.`mountain_range` (`id`, `parent_id`, `name`) VALUES (9, 2, 'Sangre de Cristo');
INSERT INTO `niceweatherdb`.`mountain_range` (`id`, `parent_id`, `name`) VALUES (10, 2, 'San Juan');

COMMIT;


-- -----------------------------------------------------
-- Data for table `niceweatherdb`.`location`
-- -----------------------------------------------------
START TRANSACTION;
USE `niceweatherdb`;
INSERT INTO `niceweatherdb`.`location` (`id`, `coordinate_id`, `mountain_range_id`, `name`, `elevation`) VALUES (1, 1, 6, 'Mt. Elbert', 4399.1784);

COMMIT;


-- -----------------------------------------------------
-- Data for table `niceweatherdb`.`point`
-- -----------------------------------------------------
START TRANSACTION;
USE `niceweatherdb`;
INSERT INTO `niceweatherdb`.`point` (`id`, `location_id`, `geometry_id`, `relative_location_id`, `id_url`, `type`, `properties_id`, `properties_type`, `cwa`, `grid_id`, `grid_x`, `grid_y`, `time_zone`, `radar_station`) VALUES (1, 1, 1, 1, 'https://api.weather.gov/points/39.1177,-106.4453', 'Feature', 'https://api.weather.gov/points/39.1177,-106.4453', 'wx:Point', 'PUB', 'PUB', '33', '107', 'America/Denver', 'KGJX');

COMMIT;


-- -----------------------------------------------------
-- Data for table `niceweatherdb`.`location_category`
-- -----------------------------------------------------
START TRANSACTION;
USE `niceweatherdb`;
INSERT INTO `niceweatherdb`.`location_category` (`location_id`, `category_id`) VALUES (1, 1);
INSERT INTO `niceweatherdb`.`location_category` (`location_id`, `category_id`) VALUES (1, 3);

COMMIT;


-- -----------------------------------------------------
-- Data for table `niceweatherdb`.`geometry_coordinate`
-- -----------------------------------------------------
START TRANSACTION;
USE `niceweatherdb`;
INSERT INTO `niceweatherdb`.`geometry_coordinate` (`geometry_id`, `coordinate_id`) VALUES (1, 2);
INSERT INTO `niceweatherdb`.`geometry_coordinate` (`geometry_id`, `coordinate_id`) VALUES (2, 3);
INSERT INTO `niceweatherdb`.`geometry_coordinate` (`geometry_id`, `coordinate_id`) VALUES (3, 4);
INSERT INTO `niceweatherdb`.`geometry_coordinate` (`geometry_id`, `coordinate_id`) VALUES (3, 5);
INSERT INTO `niceweatherdb`.`geometry_coordinate` (`geometry_id`, `coordinate_id`) VALUES (3, 6);
INSERT INTO `niceweatherdb`.`geometry_coordinate` (`geometry_id`, `coordinate_id`) VALUES (3, 7);
INSERT INTO `niceweatherdb`.`geometry_coordinate` (`geometry_id`, `coordinate_id`) VALUES (3, 8);
INSERT INTO `niceweatherdb`.`geometry_coordinate` (`geometry_id`, `coordinate_id`) VALUES (4, 9);
INSERT INTO `niceweatherdb`.`geometry_coordinate` (`geometry_id`, `coordinate_id`) VALUES (4, 10);
INSERT INTO `niceweatherdb`.`geometry_coordinate` (`geometry_id`, `coordinate_id`) VALUES (4, 11);
INSERT INTO `niceweatherdb`.`geometry_coordinate` (`geometry_id`, `coordinate_id`) VALUES (4, 12);
INSERT INTO `niceweatherdb`.`geometry_coordinate` (`geometry_id`, `coordinate_id`) VALUES (4, 13);

COMMIT;


-- -----------------------------------------------------
-- Data for table `niceweatherdb`.`forecast`
-- -----------------------------------------------------
START TRANSACTION;
USE `niceweatherdb`;
INSERT INTO `niceweatherdb`.`forecast` (`id`, `geometry_id`, `url`, `is_hourly`, `type`, `updated`, `units`, `forecast_generator`, `generated_at`, `update_time`, `valid_times_begin`, `valid_times_end`, `elevation_unit_code`, `elevation`) VALUES (1, 3, 'https://api.weather.gov/gridpoints/PUB/33,107/forecast', 0, 'Feature', '2022-04-20 20:44:44', 'us', 'BaselineForecastGenerator', '2022-04-20 23:19:02', '2022-04-20 20:44:44', '2022-04-20 23:00:00', '2022-04-27 18:00:00', 'wmoUnit:m', 4042.8672);
INSERT INTO `niceweatherdb`.`forecast` (`id`, `geometry_id`, `url`, `is_hourly`, `type`, `updated`, `units`, `forecast_generator`, `generated_at`, `update_time`, `valid_times_begin`, `valid_times_end`, `elevation_unit_code`, `elevation`) VALUES (2, 4, 'https://api.weather.gov/gridpoints/PUB/33,107/forecast/hourly', 1, 'Feature', '2022-04-20 20:44:44', 'us', 'HourlyForecastGenerator', '2022-04-20 23:35:53', '2022-04-20 20:44:44', '2022-04-20 23:00:00', '2022-04-27 11:00:00', 'wmoUnit:m', 4042.8672);

COMMIT;


-- -----------------------------------------------------
-- Data for table `niceweatherdb`.`point_forecast`
-- -----------------------------------------------------
START TRANSACTION;
USE `niceweatherdb`;
INSERT INTO `niceweatherdb`.`point_forecast` (`point_id`, `forecast_id`) VALUES (1, 1);
INSERT INTO `niceweatherdb`.`point_forecast` (`point_id`, `forecast_id`) VALUES (1, 2);

COMMIT;


-- -----------------------------------------------------
-- Data for table `niceweatherdb`.`period`
-- -----------------------------------------------------
START TRANSACTION;
USE `niceweatherdb`;
INSERT INTO `niceweatherdb`.`period` (`id`, `forecast_id`, `number`, `name`, `start_time`, `end_time`, `is_daytime`, `temperature`, `temperature_unit`, `temperature_trend`, `wind_speed`, `wind_min`, `wind_max`, `wind_direction`, `icon`, `short_forecast`, `detailed_forecast`) VALUES (1, 1, 1, 'Overnight', '2022-04-21 00:00:00', '2022-04-21 06:00:00', 0, 23, 'F', 'null', '10 to 15 mph', '10', '15', 'SW', 'https://api.weather.gov/icons/land/night/sct?size=medium', 'Partly Cloudy', '');
INSERT INTO `niceweatherdb`.`period` (`id`, `forecast_id`, `number`, `name`, `start_time`, `end_time`, `is_daytime`, `temperature`, `temperature_unit`, `temperature_trend`, `wind_speed`, `wind_min`, `wind_max`, `wind_direction`, `icon`, `short_forecast`, `detailed_forecast`) VALUES (2, 1, 2, 'Thursday', '2022-04-21 06:00:00', '2022-04-21 18:00:00', 1, 38, 'F', 'null', '15 to 20 mph', '15', '20', 'SW', 'https://api.weather.gov/icons/land/day/few?size=medium', 'Sunny', '');
INSERT INTO `niceweatherdb`.`period` (`id`, `forecast_id`, `number`, `name`, `start_time`, `end_time`, `is_daytime`, `temperature`, `temperature_unit`, `temperature_trend`, `wind_speed`, `wind_min`, `wind_max`, `wind_direction`, `icon`, `short_forecast`, `detailed_forecast`) VALUES (3, 1, 3, 'Thursday Night', '2022-04-21 18:00:00', '2022-04-22 06:00:00', 0, 27, 'F', 'null', '25 mph', '25', '25', 'SW', 'https://api.weather.gov/icons/land/night/wind_few?size=medium', 'Mostly Clear', '');
INSERT INTO `niceweatherdb`.`period` (`id`, `forecast_id`, `number`, `name`, `start_time`, `end_time`, `is_daytime`, `temperature`, `temperature_unit`, `temperature_trend`, `wind_speed`, `wind_min`, `wind_max`, `wind_direction`, `icon`, `short_forecast`, `detailed_forecast`) VALUES (4, 1, 4, 'Friday', '2022-04-22 06:00:00', '2022-04-22 18:00:00', 1, 43, 'F', 'null', '25 to 35 mph', '25', '35', 'SSW', 'https://api.weather.gov/icons/land/day/wind_sct/snow,60?size=medium', 'Mostly Sunny then Snow Showers Likely', '');
INSERT INTO `niceweatherdb`.`period` (`id`, `forecast_id`, `number`, `name`, `start_time`, `end_time`, `is_daytime`, `temperature`, `temperature_unit`, `temperature_trend`, `wind_speed`, `wind_min`, `wind_max`, `wind_direction`, `icon`, `short_forecast`, `detailed_forecast`) VALUES (5, 1, 5, 'Friday Night', '2022-04-22 18:00:00', '2022-04-23 06:00:00', 0, 10, 'F', 'null', '25 to 30 mph', '25', '30', 'WSW', 'https://api.weather.gov/icons/land/night/snow,90/snow,70?size=medium', 'Snow Showers', '');
INSERT INTO `niceweatherdb`.`period` (`id`, `forecast_id`, `number`, `name`, `start_time`, `end_time`, `is_daytime`, `temperature`, `temperature_unit`, `temperature_trend`, `wind_speed`, `wind_min`, `wind_max`, `wind_direction`, `icon`, `short_forecast`, `detailed_forecast`) VALUES (6, 1, 6, 'Saturday', '2022-04-23 06:00:00', '2022-04-23 18:00:00', 1, 18, 'F', 'null', '25 to 30 mph', '25', '30', 'W', 'https://api.weather.gov/icons/land/day/snow,80?size=medium', 'Snow Showers', '');
INSERT INTO `niceweatherdb`.`period` (`id`, `forecast_id`, `number`, `name`, `start_time`, `end_time`, `is_daytime`, `temperature`, `temperature_unit`, `temperature_trend`, `wind_speed`, `wind_min`, `wind_max`, `wind_direction`, `icon`, `short_forecast`, `detailed_forecast`) VALUES (7, 1, 7, 'Saturday Night', '2022-04-23 18:00:00', '2022-04-24 06:00:00', 0, 11, 'F', 'null', '20 to 25 mph', '20', '25', 'W', 'https://api.weather.gov/icons/land/night/snow,50/snow,30?size=medium', 'Chance Snow Showers', '');
INSERT INTO `niceweatherdb`.`period` (`id`, `forecast_id`, `number`, `name`, `start_time`, `end_time`, `is_daytime`, `temperature`, `temperature_unit`, `temperature_trend`, `wind_speed`, `wind_min`, `wind_max`, `wind_direction`, `icon`, `short_forecast`, `detailed_forecast`) VALUES (8, 1, 8, 'Sunday', '2022-04-24 06:00:00', '2022-04-24 18:00:00', 1, 19, 'F', 'null', '15 mph', '15', '15', 'W', 'https://api.weather.gov/icons/land/day/snow,40/snow,60?size=medium', 'Snow Showers Likely', '');
INSERT INTO `niceweatherdb`.`period` (`id`, `forecast_id`, `number`, `name`, `start_time`, `end_time`, `is_daytime`, `temperature`, `temperature_unit`, `temperature_trend`, `wind_speed`, `wind_min`, `wind_max`, `wind_direction`, `icon`, `short_forecast`, `detailed_forecast`) VALUES (9, 1, 9, 'Sunday Night', '2022-04-24 18:00:00', '2022-04-25 06:00:00', 0, 10, 'F', 'null', '20 mph', '20', '20', 'W', 'https://api.weather.gov/icons/land/night/snow,30/snow,20?size=medium', 'Chance Snow Showers', '');
INSERT INTO `niceweatherdb`.`period` (`id`, `forecast_id`, `number`, `name`, `start_time`, `end_time`, `is_daytime`, `temperature`, `temperature_unit`, `temperature_trend`, `wind_speed`, `wind_min`, `wind_max`, `wind_direction`, `icon`, `short_forecast`, `detailed_forecast`) VALUES (10, 1, 10, 'Monday', '2022-04-25 06:00:00', '2022-04-25 18:00:00', 1, 26, 'F', 'null', '15 to 20 mph', '15', '20', 'WSW', 'https://api.weather.gov/icons/land/day/sct?size=medium', 'Mostly Sunny', '');
INSERT INTO `niceweatherdb`.`period` (`id`, `forecast_id`, `number`, `name`, `start_time`, `end_time`, `is_daytime`, `temperature`, `temperature_unit`, `temperature_trend`, `wind_speed`, `wind_min`, `wind_max`, `wind_direction`, `icon`, `short_forecast`, `detailed_forecast`) VALUES (11, 1, 11, 'Monday Night', '2022-04-25 18:00:00', '2022-04-26 06:00:00', 0, 14, 'F', 'null', '20 mph', '20', '20', 'WSW', 'https://api.weather.gov/icons/land/night/sct?size=medium', 'Partly Cloudy', '');
INSERT INTO `niceweatherdb`.`period` (`id`, `forecast_id`, `number`, `name`, `start_time`, `end_time`, `is_daytime`, `temperature`, `temperature_unit`, `temperature_trend`, `wind_speed`, `wind_min`, `wind_max`, `wind_direction`, `icon`, `short_forecast`, `detailed_forecast`) VALUES (12, 1, 12, 'Tuesday', '2022-04-26 06:00:00', '2022-04-26 18:00:00', 1, 35, 'F', 'null', '20 mph', '20', '20', 'W', 'https://api.weather.gov/icons/land/day/sct?size=medium', 'Mostly Sunny', '');
INSERT INTO `niceweatherdb`.`period` (`id`, `forecast_id`, `number`, `name`, `start_time`, `end_time`, `is_daytime`, `temperature`, `temperature_unit`, `temperature_trend`, `wind_speed`, `wind_min`, `wind_max`, `wind_direction`, `icon`, `short_forecast`, `detailed_forecast`) VALUES (13, 1, 13, 'Tuesday Night', '2022-04-26 18:00:00', '2022-04-27 06:00:00', 0, 20, 'F', 'null', '20 mph', '20', '20', 'W', 'https://api.weather.gov/icons/land/night/sct?size=medium', 'Partly Cloudy', '');
INSERT INTO `niceweatherdb`.`period` (`id`, `forecast_id`, `number`, `name`, `start_time`, `end_time`, `is_daytime`, `temperature`, `temperature_unit`, `temperature_trend`, `wind_speed`, `wind_min`, `wind_max`, `wind_direction`, `icon`, `short_forecast`, `detailed_forecast`) VALUES (14, 1, 14, 'Wednesday', '2022-04-27 06:00:00', '2022-04-27 18:00:00', 1, 38, 'F', 'null', '20 to 25 mph', '20', '25', 'W', 'https://api.weather.gov/icons/land/day/wind_sct?size=medium', 'Mostly Sunny', '');
INSERT INTO `niceweatherdb`.`period` (`id`, `forecast_id`, `number`, `name`, `start_time`, `end_time`, `is_daytime`, `temperature`, `temperature_unit`, `temperature_trend`, `wind_speed`, `wind_min`, `wind_max`, `wind_direction`, `icon`, `short_forecast`, `detailed_forecast`) VALUES (15, 2, 1, '', '2022-04-21 00:00:00', '2022-04-21 01:00:00', 0, 28, 'F', 'null', '15 mph', '15', '15', 'WSW', 'https://api.weather.gov/icons/land/night/sct?size=small', 'Partly Cloudy', '');
INSERT INTO `niceweatherdb`.`period` (`id`, `forecast_id`, `number`, `name`, `start_time`, `end_time`, `is_daytime`, `temperature`, `temperature_unit`, `temperature_trend`, `wind_speed`, `wind_min`, `wind_max`, `wind_direction`, `icon`, `short_forecast`, `detailed_forecast`) VALUES (16, 2, 2, '', '2022-04-21 01:00:00', '2022-04-21 02:00:00', 0, 27, 'F', 'null', '10 mph', '10', '10', 'SW', 'https://api.weather.gov/icons/land/night/bkn?size=small', 'Mostly Cloudy', '');
INSERT INTO `niceweatherdb`.`period` (`id`, `forecast_id`, `number`, `name`, `start_time`, `end_time`, `is_daytime`, `temperature`, `temperature_unit`, `temperature_trend`, `wind_speed`, `wind_min`, `wind_max`, `wind_direction`, `icon`, `short_forecast`, `detailed_forecast`) VALUES (17, 2, 3, '', '2022-04-21 02:00:00', '2022-04-21 03:00:00', 0, 26, 'F', 'null', '10 mph', '10', '10', 'SW', 'https://api.weather.gov/icons/land/night/sct?size=small', 'Partly Cloudy', '');
INSERT INTO `niceweatherdb`.`period` (`id`, `forecast_id`, `number`, `name`, `start_time`, `end_time`, `is_daytime`, `temperature`, `temperature_unit`, `temperature_trend`, `wind_speed`, `wind_min`, `wind_max`, `wind_direction`, `icon`, `short_forecast`, `detailed_forecast`) VALUES (18, 2, 4, '', '2022-04-21 03:00:00', '2022-04-21 04:00:00', 0, 23, 'F', 'null', '15 mph', '15', '15', 'SW', 'https://api.weather.gov/icons/land/night/sct?size=small', 'Partly Cloudy', '');
INSERT INTO `niceweatherdb`.`period` (`id`, `forecast_id`, `number`, `name`, `start_time`, `end_time`, `is_daytime`, `temperature`, `temperature_unit`, `temperature_trend`, `wind_speed`, `wind_min`, `wind_max`, `wind_direction`, `icon`, `short_forecast`, `detailed_forecast`) VALUES (19, 2, 5, '', '2022-04-21 04:00:00', '2022-04-21 05:00:00', 0, 24, 'F', 'null', '15 mph', '15', '15', 'SW', 'https://api.weather.gov/icons/land/night/sct?size=small', 'Partly Cloudy', '');
INSERT INTO `niceweatherdb`.`period` (`id`, `forecast_id`, `number`, `name`, `start_time`, `end_time`, `is_daytime`, `temperature`, `temperature_unit`, `temperature_trend`, `wind_speed`, `wind_min`, `wind_max`, `wind_direction`, `icon`, `short_forecast`, `detailed_forecast`) VALUES (20, 2, 6, '', '2022-04-21 05:00:00', '2022-04-21 06:00:00', 0, 23, 'F', 'null', '15 mph', '15', '15', 'SW', 'https://api.weather.gov/icons/land/night/sct?size=small', 'Partly Cloudy', '');
INSERT INTO `niceweatherdb`.`period` (`id`, `forecast_id`, `number`, `name`, `start_time`, `end_time`, `is_daytime`, `temperature`, `temperature_unit`, `temperature_trend`, `wind_speed`, `wind_min`, `wind_max`, `wind_direction`, `icon`, `short_forecast`, `detailed_forecast`) VALUES (21, 2, 7, '', '2022-04-21 06:00:00', '2022-04-21 07:00:00', 1, 23, 'F', 'null', '15 mph', '15', '15', 'SW', 'https://api.weather.gov/icons/land/day/bkn?size=small', 'Partly Sunny', '');
INSERT INTO `niceweatherdb`.`period` (`id`, `forecast_id`, `number`, `name`, `start_time`, `end_time`, `is_daytime`, `temperature`, `temperature_unit`, `temperature_trend`, `wind_speed`, `wind_min`, `wind_max`, `wind_direction`, `icon`, `short_forecast`, `detailed_forecast`) VALUES (22, 2, 8, '', '2022-04-21 07:00:00', '2022-04-21 08:00:00', 1, 25, 'F', 'null', '15 mph', '15', '15', 'SW', 'https://api.weather.gov/icons/land/day/sct?size=small', 'Mostly Sunny', '');
INSERT INTO `niceweatherdb`.`period` (`id`, `forecast_id`, `number`, `name`, `start_time`, `end_time`, `is_daytime`, `temperature`, `temperature_unit`, `temperature_trend`, `wind_speed`, `wind_min`, `wind_max`, `wind_direction`, `icon`, `short_forecast`, `detailed_forecast`) VALUES (23, 2, 9, '', '2022-04-21 08:00:00', '2022-04-21 09:00:00', 1, 26, 'F', 'null', '15 mph', '15', '15', 'SW', 'https://api.weather.gov/icons/land/day/sct?size=small', 'Mostly Sunny', '');
INSERT INTO `niceweatherdb`.`period` (`id`, `forecast_id`, `number`, `name`, `start_time`, `end_time`, `is_daytime`, `temperature`, `temperature_unit`, `temperature_trend`, `wind_speed`, `wind_min`, `wind_max`, `wind_direction`, `icon`, `short_forecast`, `detailed_forecast`) VALUES (24, 2, 10, '', '2022-04-21 09:00:00', '2022-04-21 10:00:00', 1, 29, 'F', 'null', '15 mph', '15', '15', 'SW', 'https://api.weather.gov/icons/land/day/few?size=small', 'Sunny', '');
INSERT INTO `niceweatherdb`.`period` (`id`, `forecast_id`, `number`, `name`, `start_time`, `end_time`, `is_daytime`, `temperature`, `temperature_unit`, `temperature_trend`, `wind_speed`, `wind_min`, `wind_max`, `wind_direction`, `icon`, `short_forecast`, `detailed_forecast`) VALUES (25, 2, 11, '', '2022-04-21 10:00:00', '2022-04-21 11:00:00', 1, 32, 'F', 'null', '15 mph', '15', '15', 'SW', 'https://api.weather.gov/icons/land/day/few?size=small', 'Sunny', '');
INSERT INTO `niceweatherdb`.`period` (`id`, `forecast_id`, `number`, `name`, `start_time`, `end_time`, `is_daytime`, `temperature`, `temperature_unit`, `temperature_trend`, `wind_speed`, `wind_min`, `wind_max`, `wind_direction`, `icon`, `short_forecast`, `detailed_forecast`) VALUES (26, 2, 12, '', '2022-04-21 11:00:00', '2022-04-21 12:00:00', 1, 34, 'F', 'null', '15 mph', '15', '15', 'SW', 'https://api.weather.gov/icons/land/day/few?size=small', 'Sunny', '');
INSERT INTO `niceweatherdb`.`period` (`id`, `forecast_id`, `number`, `name`, `start_time`, `end_time`, `is_daytime`, `temperature`, `temperature_unit`, `temperature_trend`, `wind_speed`, `wind_min`, `wind_max`, `wind_direction`, `icon`, `short_forecast`, `detailed_forecast`) VALUES (27, 2, 13, '', '2022-04-21 12:00:00', '2022-04-21 13:00:00', 1, 35, 'F', 'null', '15 mph', '15', '15', 'SW', 'https://api.weather.gov/icons/land/day/few?size=small', 'Sunny', '');
INSERT INTO `niceweatherdb`.`period` (`id`, `forecast_id`, `number`, `name`, `start_time`, `end_time`, `is_daytime`, `temperature`, `temperature_unit`, `temperature_trend`, `wind_speed`, `wind_min`, `wind_max`, `wind_direction`, `icon`, `short_forecast`, `detailed_forecast`) VALUES (28, 2, 14, '', '2022-04-21 13:00:00', '2022-04-21 14:00:00', 1, 37, 'F', 'null', '20 mph', '20', '20', 'SW', 'https://api.weather.gov/icons/land/day/few?size=small', 'Sunny', '');
INSERT INTO `niceweatherdb`.`period` (`id`, `forecast_id`, `number`, `name`, `start_time`, `end_time`, `is_daytime`, `temperature`, `temperature_unit`, `temperature_trend`, `wind_speed`, `wind_min`, `wind_max`, `wind_direction`, `icon`, `short_forecast`, `detailed_forecast`) VALUES (29, 2, 15, '', '2022-04-21 14:00:00', '2022-04-21 15:00:00', 1, 38, 'F', 'null', '20 mph', '20', '20', 'SW', 'https://api.weather.gov/icons/land/day/few?size=small', 'Sunny', '');
INSERT INTO `niceweatherdb`.`period` (`id`, `forecast_id`, `number`, `name`, `start_time`, `end_time`, `is_daytime`, `temperature`, `temperature_unit`, `temperature_trend`, `wind_speed`, `wind_min`, `wind_max`, `wind_direction`, `icon`, `short_forecast`, `detailed_forecast`) VALUES (30, 2, 16, '', '2022-04-21 15:00:00', '2022-04-21 16:00:00', 1, 38, 'F', 'null', '20 mph', '20', '20', 'SW', 'https://api.weather.gov/icons/land/day/few?size=small', 'Sunny', '');
INSERT INTO `niceweatherdb`.`period` (`id`, `forecast_id`, `number`, `name`, `start_time`, `end_time`, `is_daytime`, `temperature`, `temperature_unit`, `temperature_trend`, `wind_speed`, `wind_min`, `wind_max`, `wind_direction`, `icon`, `short_forecast`, `detailed_forecast`) VALUES (31, 2, 17, '', '2022-04-21 16:00:00', '2022-04-21 17:00:00', 1, 38, 'F', 'null', '20 mph', '20', '20', 'SW', 'https://api.weather.gov/icons/land/day/few?size=small', 'Sunny', '');
INSERT INTO `niceweatherdb`.`period` (`id`, `forecast_id`, `number`, `name`, `start_time`, `end_time`, `is_daytime`, `temperature`, `temperature_unit`, `temperature_trend`, `wind_speed`, `wind_min`, `wind_max`, `wind_direction`, `icon`, `short_forecast`, `detailed_forecast`) VALUES (32, 2, 18, '', '2022-04-21 17:00:00', '2022-04-21 18:00:00', 1, 38, 'F', 'null', '20 mph', '20', '20', 'SW', 'https://api.weather.gov/icons/land/day/few?size=small', 'Sunny', '');
INSERT INTO `niceweatherdb`.`period` (`id`, `forecast_id`, `number`, `name`, `start_time`, `end_time`, `is_daytime`, `temperature`, `temperature_unit`, `temperature_trend`, `wind_speed`, `wind_min`, `wind_max`, `wind_direction`, `icon`, `short_forecast`, `detailed_forecast`) VALUES (33, 2, 19, '', '2022-04-21 18:00:00', '2022-04-21 19:00:00', 0, 35, 'F', 'null', '25 mph', '25', '25', 'WSW', 'https://api.weather.gov/icons/land/night/wind_few?size=small', 'Mostly Clear', '');
INSERT INTO `niceweatherdb`.`period` (`id`, `forecast_id`, `number`, `name`, `start_time`, `end_time`, `is_daytime`, `temperature`, `temperature_unit`, `temperature_trend`, `wind_speed`, `wind_min`, `wind_max`, `wind_direction`, `icon`, `short_forecast`, `detailed_forecast`) VALUES (34, 2, 20, '', '2022-04-21 19:00:00', '2022-04-21 20:00:00', 0, 34, 'F', 'null', '25 mph', '25', '25', 'WSW', 'https://api.weather.gov/icons/land/night/wind_few?size=small', 'Mostly Clear', '');
INSERT INTO `niceweatherdb`.`period` (`id`, `forecast_id`, `number`, `name`, `start_time`, `end_time`, `is_daytime`, `temperature`, `temperature_unit`, `temperature_trend`, `wind_speed`, `wind_min`, `wind_max`, `wind_direction`, `icon`, `short_forecast`, `detailed_forecast`) VALUES (35, 2, 21, '', '2022-04-21 20:00:00', '2022-04-21 21:00:00', 0, 32, 'F', 'null', '25 mph', '25', '25', 'SW', 'https://api.weather.gov/icons/land/night/wind_few?size=small', 'Mostly Clear', '');
INSERT INTO `niceweatherdb`.`period` (`id`, `forecast_id`, `number`, `name`, `start_time`, `end_time`, `is_daytime`, `temperature`, `temperature_unit`, `temperature_trend`, `wind_speed`, `wind_min`, `wind_max`, `wind_direction`, `icon`, `short_forecast`, `detailed_forecast`) VALUES (36, 2, 22, '', '2022-04-21 21:00:00', '2022-04-21 22:00:00', 0, 30, 'F', 'null', '25 mph', '25', '25', 'SW', 'https://api.weather.gov/icons/land/night/wind_few?size=small', 'Mostly Clear', '');
INSERT INTO `niceweatherdb`.`period` (`id`, `forecast_id`, `number`, `name`, `start_time`, `end_time`, `is_daytime`, `temperature`, `temperature_unit`, `temperature_trend`, `wind_speed`, `wind_min`, `wind_max`, `wind_direction`, `icon`, `short_forecast`, `detailed_forecast`) VALUES (37, 2, 23, '', '2022-04-21 22:00:00', '2022-04-21 23:00:00', 0, 30, 'F', 'null', '25 mph', '25', '25', 'SW', 'https://api.weather.gov/icons/land/night/wind_few?size=small', 'Mostly Clear', '');
INSERT INTO `niceweatherdb`.`period` (`id`, `forecast_id`, `number`, `name`, `start_time`, `end_time`, `is_daytime`, `temperature`, `temperature_unit`, `temperature_trend`, `wind_speed`, `wind_min`, `wind_max`, `wind_direction`, `icon`, `short_forecast`, `detailed_forecast`) VALUES (38, 2, 24, '', '2022-04-21 23:00:00', '2022-04-22 00:00:00', 0, 29, 'F', 'null', '25 mph', '25', '25', 'SW', 'https://api.weather.gov/icons/land/night/wind_few?size=small', 'Mostly Clear', '');
INSERT INTO `niceweatherdb`.`period` (`id`, `forecast_id`, `number`, `name`, `start_time`, `end_time`, `is_daytime`, `temperature`, `temperature_unit`, `temperature_trend`, `wind_speed`, `wind_min`, `wind_max`, `wind_direction`, `icon`, `short_forecast`, `detailed_forecast`) VALUES (39, 2, 25, '', '2022-04-22 00:00:00', '2022-04-22 01:00:00', 0, 29, 'F', 'null', '25 mph', '25', '25', 'SW', 'https://api.weather.gov/icons/land/night/wind_few?size=small', 'Mostly Clear', '');
INSERT INTO `niceweatherdb`.`period` (`id`, `forecast_id`, `number`, `name`, `start_time`, `end_time`, `is_daytime`, `temperature`, `temperature_unit`, `temperature_trend`, `wind_speed`, `wind_min`, `wind_max`, `wind_direction`, `icon`, `short_forecast`, `detailed_forecast`) VALUES (40, 2, 26, '', '2022-04-22 01:00:00', '2022-04-22 02:00:00', 0, 28, 'F', 'null', '25 mph', '25', '25', 'SW', 'https://api.weather.gov/icons/land/night/wind_few?size=small', 'Mostly Clear', '');
INSERT INTO `niceweatherdb`.`period` (`id`, `forecast_id`, `number`, `name`, `start_time`, `end_time`, `is_daytime`, `temperature`, `temperature_unit`, `temperature_trend`, `wind_speed`, `wind_min`, `wind_max`, `wind_direction`, `icon`, `short_forecast`, `detailed_forecast`) VALUES (41, 2, 27, '', '2022-04-22 02:00:00', '2022-04-22 03:00:00', 0, 28, 'F', 'null', '25 mph', '25', '25', 'SW', 'https://api.weather.gov/icons/land/night/wind_few?size=small', 'Mostly Clear', '');
INSERT INTO `niceweatherdb`.`period` (`id`, `forecast_id`, `number`, `name`, `start_time`, `end_time`, `is_daytime`, `temperature`, `temperature_unit`, `temperature_trend`, `wind_speed`, `wind_min`, `wind_max`, `wind_direction`, `icon`, `short_forecast`, `detailed_forecast`) VALUES (42, 2, 28, '', '2022-04-22 03:00:00', '2022-04-22 04:00:00', 0, 28, 'F', 'null', '25 mph', '25', '25', 'SW', 'https://api.weather.gov/icons/land/night/wind_few?size=small', 'Mostly Clear', '');
INSERT INTO `niceweatherdb`.`period` (`id`, `forecast_id`, `number`, `name`, `start_time`, `end_time`, `is_daytime`, `temperature`, `temperature_unit`, `temperature_trend`, `wind_speed`, `wind_min`, `wind_max`, `wind_direction`, `icon`, `short_forecast`, `detailed_forecast`) VALUES (43, 2, 29, '', '2022-04-22 04:00:00', '2022-04-22 05:00:00', 0, 27, 'F', 'null', '25 mph', '25', '25', 'SW', 'https://api.weather.gov/icons/land/night/wind_few?size=small', 'Mostly Clear', '');
INSERT INTO `niceweatherdb`.`period` (`id`, `forecast_id`, `number`, `name`, `start_time`, `end_time`, `is_daytime`, `temperature`, `temperature_unit`, `temperature_trend`, `wind_speed`, `wind_min`, `wind_max`, `wind_direction`, `icon`, `short_forecast`, `detailed_forecast`) VALUES (44, 2, 30, '', '2022-04-22 05:00:00', '2022-04-22 06:00:00', 0, 27, 'F', 'null', '25 mph', '25', '25', 'SW', 'https://api.weather.gov/icons/land/night/wind_few?size=small', 'Mostly Clear', '');
INSERT INTO `niceweatherdb`.`period` (`id`, `forecast_id`, `number`, `name`, `start_time`, `end_time`, `is_daytime`, `temperature`, `temperature_unit`, `temperature_trend`, `wind_speed`, `wind_min`, `wind_max`, `wind_direction`, `icon`, `short_forecast`, `detailed_forecast`) VALUES (45, 2, 31, '', '2022-04-22 06:00:00', '2022-04-22 07:00:00', 1, 27, 'F', 'null', '25 mph', '25', '25', 'SW', 'https://api.weather.gov/icons/land/day/wind_few?size=small', 'Sunny', '');
INSERT INTO `niceweatherdb`.`period` (`id`, `forecast_id`, `number`, `name`, `start_time`, `end_time`, `is_daytime`, `temperature`, `temperature_unit`, `temperature_trend`, `wind_speed`, `wind_min`, `wind_max`, `wind_direction`, `icon`, `short_forecast`, `detailed_forecast`) VALUES (46, 2, 32, '', '2022-04-22 07:00:00', '2022-04-22 08:00:00', 1, 30, 'F', 'null', '30 mph', '30', '30', 'SW', 'https://api.weather.gov/icons/land/day/wind_few?size=small', 'Sunny', '');
INSERT INTO `niceweatherdb`.`period` (`id`, `forecast_id`, `number`, `name`, `start_time`, `end_time`, `is_daytime`, `temperature`, `temperature_unit`, `temperature_trend`, `wind_speed`, `wind_min`, `wind_max`, `wind_direction`, `icon`, `short_forecast`, `detailed_forecast`) VALUES (47, 2, 33, '', '2022-04-22 08:00:00', '2022-04-22 09:00:00', 1, 34, 'F', 'null', '30 mph', '30', '30', 'SSW', 'https://api.weather.gov/icons/land/day/wind_few?size=small', 'Sunny', '');
INSERT INTO `niceweatherdb`.`period` (`id`, `forecast_id`, `number`, `name`, `start_time`, `end_time`, `is_daytime`, `temperature`, `temperature_unit`, `temperature_trend`, `wind_speed`, `wind_min`, `wind_max`, `wind_direction`, `icon`, `short_forecast`, `detailed_forecast`) VALUES (48, 2, 34, '', '2022-04-22 09:00:00', '2022-04-22 10:00:00', 1, 38, 'F', 'null', '30 mph', '30', '30', 'SSW', 'https://api.weather.gov/icons/land/day/wind_few?size=small', 'Sunny', '');
INSERT INTO `niceweatherdb`.`period` (`id`, `forecast_id`, `number`, `name`, `start_time`, `end_time`, `is_daytime`, `temperature`, `temperature_unit`, `temperature_trend`, `wind_speed`, `wind_min`, `wind_max`, `wind_direction`, `icon`, `short_forecast`, `detailed_forecast`) VALUES (49, 2, 35, '', '2022-04-22 10:00:00', '2022-04-22 11:00:00', 1, 41, 'F', 'null', '30 mph', '30', '30', 'SSW', 'https://api.weather.gov/icons/land/day/wind_sct?size=small', 'Mostly Sunny', '');
INSERT INTO `niceweatherdb`.`period` (`id`, `forecast_id`, `number`, `name`, `start_time`, `end_time`, `is_daytime`, `temperature`, `temperature_unit`, `temperature_trend`, `wind_speed`, `wind_min`, `wind_max`, `wind_direction`, `icon`, `short_forecast`, `detailed_forecast`) VALUES (50, 2, 36, '', '2022-04-22 11:00:00', '2022-04-22 12:00:00', 1, 42, 'F', 'null', '30 mph', '30', '30', 'SSW', 'https://api.weather.gov/icons/land/day/wind_bkn?size=small', 'Partly Sunny', '');
INSERT INTO `niceweatherdb`.`period` (`id`, `forecast_id`, `number`, `name`, `start_time`, `end_time`, `is_daytime`, `temperature`, `temperature_unit`, `temperature_trend`, `wind_speed`, `wind_min`, `wind_max`, `wind_direction`, `icon`, `short_forecast`, `detailed_forecast`) VALUES (51, 2, 37, '', '2022-04-22 12:00:00', '2022-04-22 13:00:00', 1, 43, 'F', 'null', '35 mph', '35', '35', 'SSW', 'https://api.weather.gov/icons/land/day/snow?size=small', 'Snow Showers Likely', '');
INSERT INTO `niceweatherdb`.`period` (`id`, `forecast_id`, `number`, `name`, `start_time`, `end_time`, `is_daytime`, `temperature`, `temperature_unit`, `temperature_trend`, `wind_speed`, `wind_min`, `wind_max`, `wind_direction`, `icon`, `short_forecast`, `detailed_forecast`) VALUES (52, 2, 38, '', '2022-04-22 13:00:00', '2022-04-22 14:00:00', 1, 43, 'F', 'null', '35 mph', '35', '35', 'SSW', 'https://api.weather.gov/icons/land/day/snow?size=small', 'Snow Showers Likely', '');
INSERT INTO `niceweatherdb`.`period` (`id`, `forecast_id`, `number`, `name`, `start_time`, `end_time`, `is_daytime`, `temperature`, `temperature_unit`, `temperature_trend`, `wind_speed`, `wind_min`, `wind_max`, `wind_direction`, `icon`, `short_forecast`, `detailed_forecast`) VALUES (53, 2, 39, '', '2022-04-22 14:00:00', '2022-04-22 15:00:00', 1, 42, 'F', 'null', '35 mph', '35', '35', 'SSW', 'https://api.weather.gov/icons/land/day/snow?size=small', 'Snow Showers Likely', '');
INSERT INTO `niceweatherdb`.`period` (`id`, `forecast_id`, `number`, `name`, `start_time`, `end_time`, `is_daytime`, `temperature`, `temperature_unit`, `temperature_trend`, `wind_speed`, `wind_min`, `wind_max`, `wind_direction`, `icon`, `short_forecast`, `detailed_forecast`) VALUES (54, 2, 40, '', '2022-04-22 15:00:00', '2022-04-22 16:00:00', 1, 40, 'F', 'null', '35 mph', '35', '35', 'SSW', 'https://api.weather.gov/icons/land/day/snow?size=small', 'Snow Showers Likely', '');
INSERT INTO `niceweatherdb`.`period` (`id`, `forecast_id`, `number`, `name`, `start_time`, `end_time`, `is_daytime`, `temperature`, `temperature_unit`, `temperature_trend`, `wind_speed`, `wind_min`, `wind_max`, `wind_direction`, `icon`, `short_forecast`, `detailed_forecast`) VALUES (55, 2, 41, '', '2022-04-22 16:00:00', '2022-04-22 17:00:00', 1, 36, 'F', 'null', '35 mph', '35', '35', 'SSW', 'https://api.weather.gov/icons/land/day/snow?size=small', 'Snow Showers Likely', '');
INSERT INTO `niceweatherdb`.`period` (`id`, `forecast_id`, `number`, `name`, `start_time`, `end_time`, `is_daytime`, `temperature`, `temperature_unit`, `temperature_trend`, `wind_speed`, `wind_min`, `wind_max`, `wind_direction`, `icon`, `short_forecast`, `detailed_forecast`) VALUES (56, 2, 42, '', '2022-04-22 17:00:00', '2022-04-22 18:00:00', 1, 31, 'F', 'null', '30 mph', '30', '30', 'SW', 'https://api.weather.gov/icons/land/day/snow?size=small', 'Snow Showers Likely', '');
INSERT INTO `niceweatherdb`.`period` (`id`, `forecast_id`, `number`, `name`, `start_time`, `end_time`, `is_daytime`, `temperature`, `temperature_unit`, `temperature_trend`, `wind_speed`, `wind_min`, `wind_max`, `wind_direction`, `icon`, `short_forecast`, `detailed_forecast`) VALUES (57, 2, 43, '', '2022-04-22 18:00:00', '2022-04-22 19:00:00', 0, 27, 'F', 'null', '30 mph', '30', '30', 'SW', 'https://api.weather.gov/icons/land/night/snow?size=small', 'Snow Showers', '');
INSERT INTO `niceweatherdb`.`period` (`id`, `forecast_id`, `number`, `name`, `start_time`, `end_time`, `is_daytime`, `temperature`, `temperature_unit`, `temperature_trend`, `wind_speed`, `wind_min`, `wind_max`, `wind_direction`, `icon`, `short_forecast`, `detailed_forecast`) VALUES (58, 2, 44, '', '2022-04-22 19:00:00', '2022-04-22 20:00:00', 0, 25, 'F', 'null', '25 mph', '25', '25', 'SW', 'https://api.weather.gov/icons/land/night/snow?size=small', 'Snow Showers', '');
INSERT INTO `niceweatherdb`.`period` (`id`, `forecast_id`, `number`, `name`, `start_time`, `end_time`, `is_daytime`, `temperature`, `temperature_unit`, `temperature_trend`, `wind_speed`, `wind_min`, `wind_max`, `wind_direction`, `icon`, `short_forecast`, `detailed_forecast`) VALUES (59, 2, 45, '', '2022-04-22 20:00:00', '2022-04-22 21:00:00', 0, 23, 'F', 'null', '25 mph', '25', '25', 'WSW', 'https://api.weather.gov/icons/land/night/snow?size=small', 'Snow Showers', '');
INSERT INTO `niceweatherdb`.`period` (`id`, `forecast_id`, `number`, `name`, `start_time`, `end_time`, `is_daytime`, `temperature`, `temperature_unit`, `temperature_trend`, `wind_speed`, `wind_min`, `wind_max`, `wind_direction`, `icon`, `short_forecast`, `detailed_forecast`) VALUES (60, 2, 46, '', '2022-04-22 21:00:00', '2022-04-22 22:00:00', 0, 21, 'F', 'null', '25 mph', '25', '25', 'WSW', 'https://api.weather.gov/icons/land/night/snow?size=small', 'Snow Showers', '');
INSERT INTO `niceweatherdb`.`period` (`id`, `forecast_id`, `number`, `name`, `start_time`, `end_time`, `is_daytime`, `temperature`, `temperature_unit`, `temperature_trend`, `wind_speed`, `wind_min`, `wind_max`, `wind_direction`, `icon`, `short_forecast`, `detailed_forecast`) VALUES (61, 2, 47, '', '2022-04-22 22:00:00', '2022-04-22 23:00:00', 0, 19, 'F', 'null', '25 mph', '25', '25', 'WSW', 'https://api.weather.gov/icons/land/night/snow?size=small', 'Snow Showers', '');
INSERT INTO `niceweatherdb`.`period` (`id`, `forecast_id`, `number`, `name`, `start_time`, `end_time`, `is_daytime`, `temperature`, `temperature_unit`, `temperature_trend`, `wind_speed`, `wind_min`, `wind_max`, `wind_direction`, `icon`, `short_forecast`, `detailed_forecast`) VALUES (62, 2, 48, '', '2022-04-22 23:00:00', '2022-04-23 00:00:00', 0, 17, 'F', 'null', '25 mph', '25', '25', 'WSW', 'https://api.weather.gov/icons/land/night/snow?size=small', 'Snow Showers', '');
INSERT INTO `niceweatherdb`.`period` (`id`, `forecast_id`, `number`, `name`, `start_time`, `end_time`, `is_daytime`, `temperature`, `temperature_unit`, `temperature_trend`, `wind_speed`, `wind_min`, `wind_max`, `wind_direction`, `icon`, `short_forecast`, `detailed_forecast`) VALUES (63, 2, 49, '', '2022-04-23 00:00:00', '2022-04-23 01:00:00', 0, 15, 'F', 'null', '25 mph', '25', '25', 'WSW', 'https://api.weather.gov/icons/land/night/snow?size=small', 'Snow Showers Likely', '');
INSERT INTO `niceweatherdb`.`period` (`id`, `forecast_id`, `number`, `name`, `start_time`, `end_time`, `is_daytime`, `temperature`, `temperature_unit`, `temperature_trend`, `wind_speed`, `wind_min`, `wind_max`, `wind_direction`, `icon`, `short_forecast`, `detailed_forecast`) VALUES (64, 2, 50, '', '2022-04-23 01:00:00', '2022-04-23 02:00:00', 0, 14, 'F', 'null', '25 mph', '25', '25', 'WSW', 'https://api.weather.gov/icons/land/night/snow?size=small', 'Snow Showers Likely', '');
INSERT INTO `niceweatherdb`.`period` (`id`, `forecast_id`, `number`, `name`, `start_time`, `end_time`, `is_daytime`, `temperature`, `temperature_unit`, `temperature_trend`, `wind_speed`, `wind_min`, `wind_max`, `wind_direction`, `icon`, `short_forecast`, `detailed_forecast`) VALUES (65, 2, 51, '', '2022-04-23 02:00:00', '2022-04-23 03:00:00', 0, 13, 'F', 'null', '25 mph', '25', '25', 'W', 'https://api.weather.gov/icons/land/night/snow?size=small', 'Snow Showers Likely', '');
INSERT INTO `niceweatherdb`.`period` (`id`, `forecast_id`, `number`, `name`, `start_time`, `end_time`, `is_daytime`, `temperature`, `temperature_unit`, `temperature_trend`, `wind_speed`, `wind_min`, `wind_max`, `wind_direction`, `icon`, `short_forecast`, `detailed_forecast`) VALUES (66, 2, 52, '', '2022-04-23 03:00:00', '2022-04-23 04:00:00', 0, 12, 'F', 'null', '25 mph', '25', '25', 'W', 'https://api.weather.gov/icons/land/night/snow?size=small', 'Snow Showers Likely', '');
INSERT INTO `niceweatherdb`.`period` (`id`, `forecast_id`, `number`, `name`, `start_time`, `end_time`, `is_daytime`, `temperature`, `temperature_unit`, `temperature_trend`, `wind_speed`, `wind_min`, `wind_max`, `wind_direction`, `icon`, `short_forecast`, `detailed_forecast`) VALUES (67, 2, 53, '', '2022-04-23 04:00:00', '2022-04-23 05:00:00', 0, 11, 'F', 'null', '25 mph', '25', '25', 'W', 'https://api.weather.gov/icons/land/night/snow?size=small', 'Snow Showers Likely', '');
INSERT INTO `niceweatherdb`.`period` (`id`, `forecast_id`, `number`, `name`, `start_time`, `end_time`, `is_daytime`, `temperature`, `temperature_unit`, `temperature_trend`, `wind_speed`, `wind_min`, `wind_max`, `wind_direction`, `icon`, `short_forecast`, `detailed_forecast`) VALUES (68, 2, 54, '', '2022-04-23 05:00:00', '2022-04-23 06:00:00', 0, 10, 'F', 'null', '30 mph', '30', '30', 'W', 'https://api.weather.gov/icons/land/night/snow?size=small', 'Snow Showers Likely', '');
INSERT INTO `niceweatherdb`.`period` (`id`, `forecast_id`, `number`, `name`, `start_time`, `end_time`, `is_daytime`, `temperature`, `temperature_unit`, `temperature_trend`, `wind_speed`, `wind_min`, `wind_max`, `wind_direction`, `icon`, `short_forecast`, `detailed_forecast`) VALUES (69, 2, 55, '', '2022-04-23 06:00:00', '2022-04-23 07:00:00', 1, 10, 'F', 'null', '30 mph', '30', '30', 'W', 'https://api.weather.gov/icons/land/day/snow?size=small', 'Snow Showers', '');
INSERT INTO `niceweatherdb`.`period` (`id`, `forecast_id`, `number`, `name`, `start_time`, `end_time`, `is_daytime`, `temperature`, `temperature_unit`, `temperature_trend`, `wind_speed`, `wind_min`, `wind_max`, `wind_direction`, `icon`, `short_forecast`, `detailed_forecast`) VALUES (70, 2, 56, '', '2022-04-23 07:00:00', '2022-04-23 08:00:00', 1, 12, 'F', 'null', '30 mph', '30', '30', 'W', 'https://api.weather.gov/icons/land/day/snow?size=small', 'Snow Showers', '');
INSERT INTO `niceweatherdb`.`period` (`id`, `forecast_id`, `number`, `name`, `start_time`, `end_time`, `is_daytime`, `temperature`, `temperature_unit`, `temperature_trend`, `wind_speed`, `wind_min`, `wind_max`, `wind_direction`, `icon`, `short_forecast`, `detailed_forecast`) VALUES (71, 2, 57, '', '2022-04-23 08:00:00', '2022-04-23 09:00:00', 1, 14, 'F', 'null', '25 mph', '25', '25', 'W', 'https://api.weather.gov/icons/land/day/snow?size=small', 'Snow Showers', '');
INSERT INTO `niceweatherdb`.`period` (`id`, `forecast_id`, `number`, `name`, `start_time`, `end_time`, `is_daytime`, `temperature`, `temperature_unit`, `temperature_trend`, `wind_speed`, `wind_min`, `wind_max`, `wind_direction`, `icon`, `short_forecast`, `detailed_forecast`) VALUES (72, 2, 58, '', '2022-04-23 09:00:00', '2022-04-23 10:00:00', 1, 15, 'F', 'null', '25 mph', '25', '25', 'W', 'https://api.weather.gov/icons/land/day/snow?size=small', 'Snow Showers', '');
INSERT INTO `niceweatherdb`.`period` (`id`, `forecast_id`, `number`, `name`, `start_time`, `end_time`, `is_daytime`, `temperature`, `temperature_unit`, `temperature_trend`, `wind_speed`, `wind_min`, `wind_max`, `wind_direction`, `icon`, `short_forecast`, `detailed_forecast`) VALUES (73, 2, 59, '', '2022-04-23 10:00:00', '2022-04-23 11:00:00', 1, 15, 'F', 'null', '25 mph', '25', '25', 'W', 'https://api.weather.gov/icons/land/day/snow?size=small', 'Snow Showers', '');
INSERT INTO `niceweatherdb`.`period` (`id`, `forecast_id`, `number`, `name`, `start_time`, `end_time`, `is_daytime`, `temperature`, `temperature_unit`, `temperature_trend`, `wind_speed`, `wind_min`, `wind_max`, `wind_direction`, `icon`, `short_forecast`, `detailed_forecast`) VALUES (74, 2, 60, '', '2022-04-23 11:00:00', '2022-04-23 12:00:00', 1, 15, 'F', 'null', '25 mph', '25', '25', 'W', 'https://api.weather.gov/icons/land/day/snow?size=small', 'Snow Showers', '');
INSERT INTO `niceweatherdb`.`period` (`id`, `forecast_id`, `number`, `name`, `start_time`, `end_time`, `is_daytime`, `temperature`, `temperature_unit`, `temperature_trend`, `wind_speed`, `wind_min`, `wind_max`, `wind_direction`, `icon`, `short_forecast`, `detailed_forecast`) VALUES (75, 2, 61, '', '2022-04-23 12:00:00', '2022-04-23 13:00:00', 1, 15, 'F', 'null', '25 mph', '25', '25', 'W', 'https://api.weather.gov/icons/land/day/snow?size=small', 'Snow Showers', '');
INSERT INTO `niceweatherdb`.`period` (`id`, `forecast_id`, `number`, `name`, `start_time`, `end_time`, `is_daytime`, `temperature`, `temperature_unit`, `temperature_trend`, `wind_speed`, `wind_min`, `wind_max`, `wind_direction`, `icon`, `short_forecast`, `detailed_forecast`) VALUES (76, 2, 62, '', '2022-04-23 13:00:00', '2022-04-23 14:00:00', 1, 15, 'F', 'null', '25 mph', '25', '25', 'W', 'https://api.weather.gov/icons/land/day/snow?size=small', 'Snow Showers', '');
INSERT INTO `niceweatherdb`.`period` (`id`, `forecast_id`, `number`, `name`, `start_time`, `end_time`, `is_daytime`, `temperature`, `temperature_unit`, `temperature_trend`, `wind_speed`, `wind_min`, `wind_max`, `wind_direction`, `icon`, `short_forecast`, `detailed_forecast`) VALUES (77, 2, 63, '', '2022-04-23 14:00:00', '2022-04-23 15:00:00', 1, 16, 'F', 'null', '25 mph', '25', '25', 'WNW', 'https://api.weather.gov/icons/land/day/snow?size=small', 'Snow Showers', '');
INSERT INTO `niceweatherdb`.`period` (`id`, `forecast_id`, `number`, `name`, `start_time`, `end_time`, `is_daytime`, `temperature`, `temperature_unit`, `temperature_trend`, `wind_speed`, `wind_min`, `wind_max`, `wind_direction`, `icon`, `short_forecast`, `detailed_forecast`) VALUES (78, 2, 64, '', '2022-04-23 15:00:00', '2022-04-23 16:00:00', 1, 17, 'F', 'null', '25 mph', '25', '25', 'WNW', 'https://api.weather.gov/icons/land/day/snow?size=small', 'Snow Showers', '');
INSERT INTO `niceweatherdb`.`period` (`id`, `forecast_id`, `number`, `name`, `start_time`, `end_time`, `is_daytime`, `temperature`, `temperature_unit`, `temperature_trend`, `wind_speed`, `wind_min`, `wind_max`, `wind_direction`, `icon`, `short_forecast`, `detailed_forecast`) VALUES (79, 2, 65, '', '2022-04-23 16:00:00', '2022-04-23 17:00:00', 1, 18, 'F', 'null', '25 mph', '25', '25', 'WNW', 'https://api.weather.gov/icons/land/day/snow?size=small', 'Snow Showers', '');
INSERT INTO `niceweatherdb`.`period` (`id`, `forecast_id`, `number`, `name`, `start_time`, `end_time`, `is_daytime`, `temperature`, `temperature_unit`, `temperature_trend`, `wind_speed`, `wind_min`, `wind_max`, `wind_direction`, `icon`, `short_forecast`, `detailed_forecast`) VALUES (80, 2, 66, '', '2022-04-23 17:00:00', '2022-04-23 18:00:00', 1, 18, 'F', 'null', '25 mph', '25', '25', 'WNW', 'https://api.weather.gov/icons/land/day/snow?size=small', 'Snow Showers', '');
INSERT INTO `niceweatherdb`.`period` (`id`, `forecast_id`, `number`, `name`, `start_time`, `end_time`, `is_daytime`, `temperature`, `temperature_unit`, `temperature_trend`, `wind_speed`, `wind_min`, `wind_max`, `wind_direction`, `icon`, `short_forecast`, `detailed_forecast`) VALUES (81, 2, 67, '', '2022-04-23 18:00:00', '2022-04-23 19:00:00', 0, 16, 'F', 'null', '25 mph', '25', '25', 'WNW', 'https://api.weather.gov/icons/land/night/snow?size=small', 'Chance Snow Showers', '');
INSERT INTO `niceweatherdb`.`period` (`id`, `forecast_id`, `number`, `name`, `start_time`, `end_time`, `is_daytime`, `temperature`, `temperature_unit`, `temperature_trend`, `wind_speed`, `wind_min`, `wind_max`, `wind_direction`, `icon`, `short_forecast`, `detailed_forecast`) VALUES (82, 2, 68, '', '2022-04-23 19:00:00', '2022-04-23 20:00:00', 0, 15, 'F', 'null', '25 mph', '25', '25', 'WNW', 'https://api.weather.gov/icons/land/night/snow?size=small', 'Chance Snow Showers', '');
INSERT INTO `niceweatherdb`.`period` (`id`, `forecast_id`, `number`, `name`, `start_time`, `end_time`, `is_daytime`, `temperature`, `temperature_unit`, `temperature_trend`, `wind_speed`, `wind_min`, `wind_max`, `wind_direction`, `icon`, `short_forecast`, `detailed_forecast`) VALUES (83, 2, 69, '', '2022-04-23 20:00:00', '2022-04-23 21:00:00', 0, 15, 'F', 'null', '25 mph', '25', '25', 'WNW', 'https://api.weather.gov/icons/land/night/snow?size=small', 'Chance Snow Showers', '');
INSERT INTO `niceweatherdb`.`period` (`id`, `forecast_id`, `number`, `name`, `start_time`, `end_time`, `is_daytime`, `temperature`, `temperature_unit`, `temperature_trend`, `wind_speed`, `wind_min`, `wind_max`, `wind_direction`, `icon`, `short_forecast`, `detailed_forecast`) VALUES (84, 2, 70, '', '2022-04-23 21:00:00', '2022-04-23 22:00:00', 0, 14, 'F', 'null', '25 mph', '25', '25', 'WNW', 'https://api.weather.gov/icons/land/night/snow?size=small', 'Chance Snow Showers', '');
INSERT INTO `niceweatherdb`.`period` (`id`, `forecast_id`, `number`, `name`, `start_time`, `end_time`, `is_daytime`, `temperature`, `temperature_unit`, `temperature_trend`, `wind_speed`, `wind_min`, `wind_max`, `wind_direction`, `icon`, `short_forecast`, `detailed_forecast`) VALUES (85, 2, 71, '', '2022-04-23 22:00:00', '2022-04-23 23:00:00', 0, 14, 'F', 'null', '25 mph', '25', '25', 'WNW', 'https://api.weather.gov/icons/land/night/snow?size=small', 'Chance Snow Showers', '');
INSERT INTO `niceweatherdb`.`period` (`id`, `forecast_id`, `number`, `name`, `start_time`, `end_time`, `is_daytime`, `temperature`, `temperature_unit`, `temperature_trend`, `wind_speed`, `wind_min`, `wind_max`, `wind_direction`, `icon`, `short_forecast`, `detailed_forecast`) VALUES (86, 2, 72, '', '2022-04-23 23:00:00', '2022-04-24 00:00:00', 0, 14, 'F', 'null', '25 mph', '25', '25', 'WNW', 'https://api.weather.gov/icons/land/night/snow?size=small', 'Chance Snow Showers', '');
INSERT INTO `niceweatherdb`.`period` (`id`, `forecast_id`, `number`, `name`, `start_time`, `end_time`, `is_daytime`, `temperature`, `temperature_unit`, `temperature_trend`, `wind_speed`, `wind_min`, `wind_max`, `wind_direction`, `icon`, `short_forecast`, `detailed_forecast`) VALUES (87, 2, 73, '', '2022-04-24 00:00:00', '2022-04-24 01:00:00', 0, 14, 'F', 'null', '20 mph', '20', '20', 'W', 'https://api.weather.gov/icons/land/night/snow?size=small', 'Chance Snow Showers', '');
INSERT INTO `niceweatherdb`.`period` (`id`, `forecast_id`, `number`, `name`, `start_time`, `end_time`, `is_daytime`, `temperature`, `temperature_unit`, `temperature_trend`, `wind_speed`, `wind_min`, `wind_max`, `wind_direction`, `icon`, `short_forecast`, `detailed_forecast`) VALUES (88, 2, 74, '', '2022-04-24 01:00:00', '2022-04-24 02:00:00', 0, 14, 'F', 'null', '20 mph', '20', '20', 'W', 'https://api.weather.gov/icons/land/night/snow?size=small', 'Chance Snow Showers', '');
INSERT INTO `niceweatherdb`.`period` (`id`, `forecast_id`, `number`, `name`, `start_time`, `end_time`, `is_daytime`, `temperature`, `temperature_unit`, `temperature_trend`, `wind_speed`, `wind_min`, `wind_max`, `wind_direction`, `icon`, `short_forecast`, `detailed_forecast`) VALUES (89, 2, 75, '', '2022-04-24 02:00:00', '2022-04-24 03:00:00', 0, 13, 'F', 'null', '20 mph', '20', '20', 'W', 'https://api.weather.gov/icons/land/night/snow?size=small', 'Chance Snow Showers', '');
INSERT INTO `niceweatherdb`.`period` (`id`, `forecast_id`, `number`, `name`, `start_time`, `end_time`, `is_daytime`, `temperature`, `temperature_unit`, `temperature_trend`, `wind_speed`, `wind_min`, `wind_max`, `wind_direction`, `icon`, `short_forecast`, `detailed_forecast`) VALUES (90, 2, 76, '', '2022-04-24 03:00:00', '2022-04-24 04:00:00', 0, 13, 'F', 'null', '20 mph', '20', '20', 'W', 'https://api.weather.gov/icons/land/night/snow?size=small', 'Chance Snow Showers', '');
INSERT INTO `niceweatherdb`.`period` (`id`, `forecast_id`, `number`, `name`, `start_time`, `end_time`, `is_daytime`, `temperature`, `temperature_unit`, `temperature_trend`, `wind_speed`, `wind_min`, `wind_max`, `wind_direction`, `icon`, `short_forecast`, `detailed_forecast`) VALUES (91, 2, 77, '', '2022-04-24 04:00:00', '2022-04-24 05:00:00', 0, 13, 'F', 'null', '20 mph', '20', '20', 'W', 'https://api.weather.gov/icons/land/night/snow?size=small', 'Chance Snow Showers', '');
INSERT INTO `niceweatherdb`.`period` (`id`, `forecast_id`, `number`, `name`, `start_time`, `end_time`, `is_daytime`, `temperature`, `temperature_unit`, `temperature_trend`, `wind_speed`, `wind_min`, `wind_max`, `wind_direction`, `icon`, `short_forecast`, `detailed_forecast`) VALUES (92, 2, 78, '', '2022-04-24 05:00:00', '2022-04-24 06:00:00', 0, 12, 'F', 'null', '20 mph', '20', '20', 'W', 'https://api.weather.gov/icons/land/night/snow?size=small', 'Chance Snow Showers', '');
INSERT INTO `niceweatherdb`.`period` (`id`, `forecast_id`, `number`, `name`, `start_time`, `end_time`, `is_daytime`, `temperature`, `temperature_unit`, `temperature_trend`, `wind_speed`, `wind_min`, `wind_max`, `wind_direction`, `icon`, `short_forecast`, `detailed_forecast`) VALUES (93, 2, 79, '', '2022-04-24 06:00:00', '2022-04-24 07:00:00', 1, 12, 'F', 'null', '15 mph', '15', '15', 'W', 'https://api.weather.gov/icons/land/day/snow?size=small', 'Chance Snow Showers', '');
INSERT INTO `niceweatherdb`.`period` (`id`, `forecast_id`, `number`, `name`, `start_time`, `end_time`, `is_daytime`, `temperature`, `temperature_unit`, `temperature_trend`, `wind_speed`, `wind_min`, `wind_max`, `wind_direction`, `icon`, `short_forecast`, `detailed_forecast`) VALUES (94, 2, 80, '', '2022-04-24 07:00:00', '2022-04-24 08:00:00', 1, 12, 'F', 'null', '15 mph', '15', '15', 'W', 'https://api.weather.gov/icons/land/day/snow?size=small', 'Chance Snow Showers', '');
INSERT INTO `niceweatherdb`.`period` (`id`, `forecast_id`, `number`, `name`, `start_time`, `end_time`, `is_daytime`, `temperature`, `temperature_unit`, `temperature_trend`, `wind_speed`, `wind_min`, `wind_max`, `wind_direction`, `icon`, `short_forecast`, `detailed_forecast`) VALUES (95, 2, 81, '', '2022-04-24 08:00:00', '2022-04-24 09:00:00', 1, 13, 'F', 'null', '15 mph', '15', '15', 'W', 'https://api.weather.gov/icons/land/day/snow?size=small', 'Chance Snow Showers', '');
INSERT INTO `niceweatherdb`.`period` (`id`, `forecast_id`, `number`, `name`, `start_time`, `end_time`, `is_daytime`, `temperature`, `temperature_unit`, `temperature_trend`, `wind_speed`, `wind_min`, `wind_max`, `wind_direction`, `icon`, `short_forecast`, `detailed_forecast`) VALUES (96, 2, 82, '', '2022-04-24 09:00:00', '2022-04-24 10:00:00', 1, 14, 'F', 'null', '15 mph', '15', '15', 'W', 'https://api.weather.gov/icons/land/day/snow?size=small', 'Chance Snow Showers', '');
INSERT INTO `niceweatherdb`.`period` (`id`, `forecast_id`, `number`, `name`, `start_time`, `end_time`, `is_daytime`, `temperature`, `temperature_unit`, `temperature_trend`, `wind_speed`, `wind_min`, `wind_max`, `wind_direction`, `icon`, `short_forecast`, `detailed_forecast`) VALUES (97, 2, 83, '', '2022-04-24 10:00:00', '2022-04-24 11:00:00', 1, 15, 'F', 'null', '15 mph', '15', '15', 'W', 'https://api.weather.gov/icons/land/day/snow?size=small', 'Chance Snow Showers', '');
INSERT INTO `niceweatherdb`.`period` (`id`, `forecast_id`, `number`, `name`, `start_time`, `end_time`, `is_daytime`, `temperature`, `temperature_unit`, `temperature_trend`, `wind_speed`, `wind_min`, `wind_max`, `wind_direction`, `icon`, `short_forecast`, `detailed_forecast`) VALUES (98, 2, 84, '', '2022-04-24 11:00:00', '2022-04-24 12:00:00', 1, 15, 'F', 'null', '15 mph', '15', '15', 'W', 'https://api.weather.gov/icons/land/day/snow?size=small', 'Chance Snow Showers', '');
INSERT INTO `niceweatherdb`.`period` (`id`, `forecast_id`, `number`, `name`, `start_time`, `end_time`, `is_daytime`, `temperature`, `temperature_unit`, `temperature_trend`, `wind_speed`, `wind_min`, `wind_max`, `wind_direction`, `icon`, `short_forecast`, `detailed_forecast`) VALUES (99, 2, 85, '', '2022-04-24 12:00:00', '2022-04-24 13:00:00', 1, 16, 'F', 'null', '15 mph', '15', '15', 'W', 'https://api.weather.gov/icons/land/day/snow?size=small', 'Snow Showers Likely', '');
INSERT INTO `niceweatherdb`.`period` (`id`, `forecast_id`, `number`, `name`, `start_time`, `end_time`, `is_daytime`, `temperature`, `temperature_unit`, `temperature_trend`, `wind_speed`, `wind_min`, `wind_max`, `wind_direction`, `icon`, `short_forecast`, `detailed_forecast`) VALUES (100, 2, 86, '', '2022-04-24 13:00:00', '2022-04-24 14:00:00', 1, 16, 'F', 'null', '15 mph', '15', '15', 'W', 'https://api.weather.gov/icons/land/day/snow?size=small', 'Snow Showers Likely', '');
INSERT INTO `niceweatherdb`.`period` (`id`, `forecast_id`, `number`, `name`, `start_time`, `end_time`, `is_daytime`, `temperature`, `temperature_unit`, `temperature_trend`, `wind_speed`, `wind_min`, `wind_max`, `wind_direction`, `icon`, `short_forecast`, `detailed_forecast`) VALUES (101, 2, 87, '', '2022-04-24 14:00:00', '2022-04-24 15:00:00', 1, 17, 'F', 'null', '15 mph', '15', '15', 'W', 'https://api.weather.gov/icons/land/day/snow?size=small', 'Snow Showers Likely', '');
INSERT INTO `niceweatherdb`.`period` (`id`, `forecast_id`, `number`, `name`, `start_time`, `end_time`, `is_daytime`, `temperature`, `temperature_unit`, `temperature_trend`, `wind_speed`, `wind_min`, `wind_max`, `wind_direction`, `icon`, `short_forecast`, `detailed_forecast`) VALUES (102, 2, 88, '', '2022-04-24 15:00:00', '2022-04-24 16:00:00', 1, 17, 'F', 'null', '15 mph', '15', '15', 'W', 'https://api.weather.gov/icons/land/day/snow?size=small', 'Snow Showers Likely', '');
INSERT INTO `niceweatherdb`.`period` (`id`, `forecast_id`, `number`, `name`, `start_time`, `end_time`, `is_daytime`, `temperature`, `temperature_unit`, `temperature_trend`, `wind_speed`, `wind_min`, `wind_max`, `wind_direction`, `icon`, `short_forecast`, `detailed_forecast`) VALUES (103, 2, 89, '', '2022-04-24 16:00:00', '2022-04-24 17:00:00', 1, 17, 'F', 'null', '15 mph', '15', '15', 'W', 'https://api.weather.gov/icons/land/day/snow?size=small', 'Snow Showers Likely', '');
INSERT INTO `niceweatherdb`.`period` (`id`, `forecast_id`, `number`, `name`, `start_time`, `end_time`, `is_daytime`, `temperature`, `temperature_unit`, `temperature_trend`, `wind_speed`, `wind_min`, `wind_max`, `wind_direction`, `icon`, `short_forecast`, `detailed_forecast`) VALUES (104, 2, 90, '', '2022-04-24 17:00:00', '2022-04-24 18:00:00', 1, 17, 'F', 'null', '15 mph', '15', '15', 'W', 'https://api.weather.gov/icons/land/day/snow?size=small', 'Snow Showers Likely', '');
INSERT INTO `niceweatherdb`.`period` (`id`, `forecast_id`, `number`, `name`, `start_time`, `end_time`, `is_daytime`, `temperature`, `temperature_unit`, `temperature_trend`, `wind_speed`, `wind_min`, `wind_max`, `wind_direction`, `icon`, `short_forecast`, `detailed_forecast`) VALUES (105, 2, 91, '', '2022-04-24 18:00:00', '2022-04-24 19:00:00', 0, 17, 'F', 'null', '20 mph', '20', '20', 'WNW', 'https://api.weather.gov/icons/land/night/snow?size=small', 'Chance Snow Showers', '');
INSERT INTO `niceweatherdb`.`period` (`id`, `forecast_id`, `number`, `name`, `start_time`, `end_time`, `is_daytime`, `temperature`, `temperature_unit`, `temperature_trend`, `wind_speed`, `wind_min`, `wind_max`, `wind_direction`, `icon`, `short_forecast`, `detailed_forecast`) VALUES (106, 2, 92, '', '2022-04-24 19:00:00', '2022-04-24 20:00:00', 0, 16, 'F', 'null', '20 mph', '20', '20', 'WNW', 'https://api.weather.gov/icons/land/night/snow?size=small', 'Chance Snow Showers', '');
INSERT INTO `niceweatherdb`.`period` (`id`, `forecast_id`, `number`, `name`, `start_time`, `end_time`, `is_daytime`, `temperature`, `temperature_unit`, `temperature_trend`, `wind_speed`, `wind_min`, `wind_max`, `wind_direction`, `icon`, `short_forecast`, `detailed_forecast`) VALUES (107, 2, 93, '', '2022-04-24 20:00:00', '2022-04-24 21:00:00', 0, 16, 'F', 'null', '20 mph', '20', '20', 'WNW', 'https://api.weather.gov/icons/land/night/snow?size=small', 'Chance Snow Showers', '');
INSERT INTO `niceweatherdb`.`period` (`id`, `forecast_id`, `number`, `name`, `start_time`, `end_time`, `is_daytime`, `temperature`, `temperature_unit`, `temperature_trend`, `wind_speed`, `wind_min`, `wind_max`, `wind_direction`, `icon`, `short_forecast`, `detailed_forecast`) VALUES (108, 2, 94, '', '2022-04-24 21:00:00', '2022-04-24 22:00:00', 0, 15, 'F', 'null', '20 mph', '20', '20', 'WNW', 'https://api.weather.gov/icons/land/night/snow?size=small', 'Chance Snow Showers', '');
INSERT INTO `niceweatherdb`.`period` (`id`, `forecast_id`, `number`, `name`, `start_time`, `end_time`, `is_daytime`, `temperature`, `temperature_unit`, `temperature_trend`, `wind_speed`, `wind_min`, `wind_max`, `wind_direction`, `icon`, `short_forecast`, `detailed_forecast`) VALUES (109, 2, 95, '', '2022-04-24 22:00:00', '2022-04-24 23:00:00', 0, 15, 'F', 'null', '20 mph', '20', '20', 'WNW', 'https://api.weather.gov/icons/land/night/snow?size=small', 'Chance Snow Showers', '');
INSERT INTO `niceweatherdb`.`period` (`id`, `forecast_id`, `number`, `name`, `start_time`, `end_time`, `is_daytime`, `temperature`, `temperature_unit`, `temperature_trend`, `wind_speed`, `wind_min`, `wind_max`, `wind_direction`, `icon`, `short_forecast`, `detailed_forecast`) VALUES (110, 2, 96, '', '2022-04-24 23:00:00', '2022-04-25 00:00:00', 0, 14, 'F', 'null', '20 mph', '20', '20', 'WNW', 'https://api.weather.gov/icons/land/night/snow?size=small', 'Chance Snow Showers', '');
INSERT INTO `niceweatherdb`.`period` (`id`, `forecast_id`, `number`, `name`, `start_time`, `end_time`, `is_daytime`, `temperature`, `temperature_unit`, `temperature_trend`, `wind_speed`, `wind_min`, `wind_max`, `wind_direction`, `icon`, `short_forecast`, `detailed_forecast`) VALUES (111, 2, 97, '', '2022-04-25 00:00:00', '2022-04-25 01:00:00', 0, 14, 'F', 'null', '20 mph', '20', '20', 'SW', 'https://api.weather.gov/icons/land/night/snow?size=small', 'Slight Chance Snow Showers', '');
INSERT INTO `niceweatherdb`.`period` (`id`, `forecast_id`, `number`, `name`, `start_time`, `end_time`, `is_daytime`, `temperature`, `temperature_unit`, `temperature_trend`, `wind_speed`, `wind_min`, `wind_max`, `wind_direction`, `icon`, `short_forecast`, `detailed_forecast`) VALUES (112, 2, 98, '', '2022-04-25 01:00:00', '2022-04-25 02:00:00', 0, 14, 'F', 'null', '20 mph', '20', '20', 'SW', 'https://api.weather.gov/icons/land/night/snow?size=small', 'Slight Chance Snow Showers', '');
INSERT INTO `niceweatherdb`.`period` (`id`, `forecast_id`, `number`, `name`, `start_time`, `end_time`, `is_daytime`, `temperature`, `temperature_unit`, `temperature_trend`, `wind_speed`, `wind_min`, `wind_max`, `wind_direction`, `icon`, `short_forecast`, `detailed_forecast`) VALUES (113, 2, 99, '', '2022-04-25 02:00:00', '2022-04-25 03:00:00', 0, 13, 'F', 'null', '20 mph', '20', '20', 'SW', 'https://api.weather.gov/icons/land/night/snow?size=small', 'Slight Chance Snow Showers', '');
INSERT INTO `niceweatherdb`.`period` (`id`, `forecast_id`, `number`, `name`, `start_time`, `end_time`, `is_daytime`, `temperature`, `temperature_unit`, `temperature_trend`, `wind_speed`, `wind_min`, `wind_max`, `wind_direction`, `icon`, `short_forecast`, `detailed_forecast`) VALUES (114, 2, 100, '', '2022-04-25 03:00:00', '2022-04-25 04:00:00', 0, 13, 'F', 'null', '20 mph', '20', '20', 'SW', 'https://api.weather.gov/icons/land/night/snow?size=small', 'Slight Chance Snow Showers', '');
INSERT INTO `niceweatherdb`.`period` (`id`, `forecast_id`, `number`, `name`, `start_time`, `end_time`, `is_daytime`, `temperature`, `temperature_unit`, `temperature_trend`, `wind_speed`, `wind_min`, `wind_max`, `wind_direction`, `icon`, `short_forecast`, `detailed_forecast`) VALUES (115, 2, 101, '', '2022-04-25 04:00:00', '2022-04-25 05:00:00', 0, 12, 'F', 'null', '20 mph', '20', '20', 'SW', 'https://api.weather.gov/icons/land/night/snow?size=small', 'Slight Chance Snow Showers', '');
INSERT INTO `niceweatherdb`.`period` (`id`, `forecast_id`, `number`, `name`, `start_time`, `end_time`, `is_daytime`, `temperature`, `temperature_unit`, `temperature_trend`, `wind_speed`, `wind_min`, `wind_max`, `wind_direction`, `icon`, `short_forecast`, `detailed_forecast`) VALUES (116, 2, 102, '', '2022-04-25 05:00:00', '2022-04-25 06:00:00', 0, 12, 'F', 'null', '20 mph', '20', '20', 'SW', 'https://api.weather.gov/icons/land/night/snow?size=small', 'Slight Chance Snow Showers', '');
INSERT INTO `niceweatherdb`.`period` (`id`, `forecast_id`, `number`, `name`, `start_time`, `end_time`, `is_daytime`, `temperature`, `temperature_unit`, `temperature_trend`, `wind_speed`, `wind_min`, `wind_max`, `wind_direction`, `icon`, `short_forecast`, `detailed_forecast`) VALUES (117, 2, 103, '', '2022-04-25 06:00:00', '2022-04-25 07:00:00', 1, 12, 'F', 'null', '15 mph', '15', '15', 'WSW', 'https://api.weather.gov/icons/land/day/sct?size=small', 'Mostly Sunny', '');
INSERT INTO `niceweatherdb`.`period` (`id`, `forecast_id`, `number`, `name`, `start_time`, `end_time`, `is_daytime`, `temperature`, `temperature_unit`, `temperature_trend`, `wind_speed`, `wind_min`, `wind_max`, `wind_direction`, `icon`, `short_forecast`, `detailed_forecast`) VALUES (118, 2, 104, '', '2022-04-25 07:00:00', '2022-04-25 08:00:00', 1, 13, 'F', 'null', '15 mph', '15', '15', 'WSW', 'https://api.weather.gov/icons/land/day/sct?size=small', 'Mostly Sunny', '');
INSERT INTO `niceweatherdb`.`period` (`id`, `forecast_id`, `number`, `name`, `start_time`, `end_time`, `is_daytime`, `temperature`, `temperature_unit`, `temperature_trend`, `wind_speed`, `wind_min`, `wind_max`, `wind_direction`, `icon`, `short_forecast`, `detailed_forecast`) VALUES (119, 2, 105, '', '2022-04-25 08:00:00', '2022-04-25 09:00:00', 1, 15, 'F', 'null', '15 mph', '15', '15', 'WSW', 'https://api.weather.gov/icons/land/day/sct?size=small', 'Mostly Sunny', '');
INSERT INTO `niceweatherdb`.`period` (`id`, `forecast_id`, `number`, `name`, `start_time`, `end_time`, `is_daytime`, `temperature`, `temperature_unit`, `temperature_trend`, `wind_speed`, `wind_min`, `wind_max`, `wind_direction`, `icon`, `short_forecast`, `detailed_forecast`) VALUES (120, 2, 106, '', '2022-04-25 09:00:00', '2022-04-25 10:00:00', 1, 17, 'F', 'null', '15 mph', '15', '15', 'WSW', 'https://api.weather.gov/icons/land/day/sct?size=small', 'Mostly Sunny', '');
INSERT INTO `niceweatherdb`.`period` (`id`, `forecast_id`, `number`, `name`, `start_time`, `end_time`, `is_daytime`, `temperature`, `temperature_unit`, `temperature_trend`, `wind_speed`, `wind_min`, `wind_max`, `wind_direction`, `icon`, `short_forecast`, `detailed_forecast`) VALUES (121, 2, 107, '', '2022-04-25 10:00:00', '2022-04-25 11:00:00', 1, 18, 'F', 'null', '15 mph', '15', '15', 'WSW', 'https://api.weather.gov/icons/land/day/sct?size=small', 'Mostly Sunny', '');
INSERT INTO `niceweatherdb`.`period` (`id`, `forecast_id`, `number`, `name`, `start_time`, `end_time`, `is_daytime`, `temperature`, `temperature_unit`, `temperature_trend`, `wind_speed`, `wind_min`, `wind_max`, `wind_direction`, `icon`, `short_forecast`, `detailed_forecast`) VALUES (122, 2, 108, '', '2022-04-25 11:00:00', '2022-04-25 12:00:00', 1, 20, 'F', 'null', '15 mph', '15', '15', 'WSW', 'https://api.weather.gov/icons/land/day/sct?size=small', 'Mostly Sunny', '');
INSERT INTO `niceweatherdb`.`period` (`id`, `forecast_id`, `number`, `name`, `start_time`, `end_time`, `is_daytime`, `temperature`, `temperature_unit`, `temperature_trend`, `wind_speed`, `wind_min`, `wind_max`, `wind_direction`, `icon`, `short_forecast`, `detailed_forecast`) VALUES (123, 2, 109, '', '2022-04-25 12:00:00', '2022-04-25 13:00:00', 1, 21, 'F', 'null', '20 mph', '20', '20', 'W', 'https://api.weather.gov/icons/land/day/sct?size=small', 'Mostly Sunny', '');
INSERT INTO `niceweatherdb`.`period` (`id`, `forecast_id`, `number`, `name`, `start_time`, `end_time`, `is_daytime`, `temperature`, `temperature_unit`, `temperature_trend`, `wind_speed`, `wind_min`, `wind_max`, `wind_direction`, `icon`, `short_forecast`, `detailed_forecast`) VALUES (124, 2, 110, '', '2022-04-25 13:00:00', '2022-04-25 14:00:00', 1, 23, 'F', 'null', '20 mph', '20', '20', 'W', 'https://api.weather.gov/icons/land/day/sct?size=small', 'Mostly Sunny', '');
INSERT INTO `niceweatherdb`.`period` (`id`, `forecast_id`, `number`, `name`, `start_time`, `end_time`, `is_daytime`, `temperature`, `temperature_unit`, `temperature_trend`, `wind_speed`, `wind_min`, `wind_max`, `wind_direction`, `icon`, `short_forecast`, `detailed_forecast`) VALUES (125, 2, 111, '', '2022-04-25 14:00:00', '2022-04-25 15:00:00', 1, 24, 'F', 'null', '20 mph', '20', '20', 'W', 'https://api.weather.gov/icons/land/day/sct?size=small', 'Mostly Sunny', '');
INSERT INTO `niceweatherdb`.`period` (`id`, `forecast_id`, `number`, `name`, `start_time`, `end_time`, `is_daytime`, `temperature`, `temperature_unit`, `temperature_trend`, `wind_speed`, `wind_min`, `wind_max`, `wind_direction`, `icon`, `short_forecast`, `detailed_forecast`) VALUES (126, 2, 112, '', '2022-04-25 15:00:00', '2022-04-25 16:00:00', 1, 25, 'F', 'null', '20 mph', '20', '20', 'W', 'https://api.weather.gov/icons/land/day/sct?size=small', 'Mostly Sunny', '');
INSERT INTO `niceweatherdb`.`period` (`id`, `forecast_id`, `number`, `name`, `start_time`, `end_time`, `is_daytime`, `temperature`, `temperature_unit`, `temperature_trend`, `wind_speed`, `wind_min`, `wind_max`, `wind_direction`, `icon`, `short_forecast`, `detailed_forecast`) VALUES (127, 2, 113, '', '2022-04-25 16:00:00', '2022-04-25 17:00:00', 1, 25, 'F', 'null', '20 mph', '20', '20', 'W', 'https://api.weather.gov/icons/land/day/sct?size=small', 'Mostly Sunny', '');
INSERT INTO `niceweatherdb`.`period` (`id`, `forecast_id`, `number`, `name`, `start_time`, `end_time`, `is_daytime`, `temperature`, `temperature_unit`, `temperature_trend`, `wind_speed`, `wind_min`, `wind_max`, `wind_direction`, `icon`, `short_forecast`, `detailed_forecast`) VALUES (128, 2, 114, '', '2022-04-25 17:00:00', '2022-04-25 18:00:00', 1, 25, 'F', 'null', '20 mph', '20', '20', 'W', 'https://api.weather.gov/icons/land/day/sct?size=small', 'Mostly Sunny', '');
INSERT INTO `niceweatherdb`.`period` (`id`, `forecast_id`, `number`, `name`, `start_time`, `end_time`, `is_daytime`, `temperature`, `temperature_unit`, `temperature_trend`, `wind_speed`, `wind_min`, `wind_max`, `wind_direction`, `icon`, `short_forecast`, `detailed_forecast`) VALUES (129, 2, 115, '', '2022-04-25 18:00:00', '2022-04-25 19:00:00', 0, 24, 'F', 'null', '20 mph', '20', '20', 'WSW', 'https://api.weather.gov/icons/land/night/sct?size=small', 'Partly Cloudy', '');
INSERT INTO `niceweatherdb`.`period` (`id`, `forecast_id`, `number`, `name`, `start_time`, `end_time`, `is_daytime`, `temperature`, `temperature_unit`, `temperature_trend`, `wind_speed`, `wind_min`, `wind_max`, `wind_direction`, `icon`, `short_forecast`, `detailed_forecast`) VALUES (130, 2, 116, '', '2022-04-25 19:00:00', '2022-04-25 20:00:00', 0, 23, 'F', 'null', '20 mph', '20', '20', 'WSW', 'https://api.weather.gov/icons/land/night/sct?size=small', 'Partly Cloudy', '');
INSERT INTO `niceweatherdb`.`period` (`id`, `forecast_id`, `number`, `name`, `start_time`, `end_time`, `is_daytime`, `temperature`, `temperature_unit`, `temperature_trend`, `wind_speed`, `wind_min`, `wind_max`, `wind_direction`, `icon`, `short_forecast`, `detailed_forecast`) VALUES (131, 2, 117, '', '2022-04-25 20:00:00', '2022-04-25 21:00:00', 0, 21, 'F', 'null', '20 mph', '20', '20', 'WSW', 'https://api.weather.gov/icons/land/night/sct?size=small', 'Partly Cloudy', '');
INSERT INTO `niceweatherdb`.`period` (`id`, `forecast_id`, `number`, `name`, `start_time`, `end_time`, `is_daytime`, `temperature`, `temperature_unit`, `temperature_trend`, `wind_speed`, `wind_min`, `wind_max`, `wind_direction`, `icon`, `short_forecast`, `detailed_forecast`) VALUES (132, 2, 118, '', '2022-04-25 21:00:00', '2022-04-25 22:00:00', 0, 20, 'F', 'null', '20 mph', '20', '20', 'WSW', 'https://api.weather.gov/icons/land/night/sct?size=small', 'Partly Cloudy', '');
INSERT INTO `niceweatherdb`.`period` (`id`, `forecast_id`, `number`, `name`, `start_time`, `end_time`, `is_daytime`, `temperature`, `temperature_unit`, `temperature_trend`, `wind_speed`, `wind_min`, `wind_max`, `wind_direction`, `icon`, `short_forecast`, `detailed_forecast`) VALUES (133, 2, 119, '', '2022-04-25 22:00:00', '2022-04-25 23:00:00', 0, 19, 'F', 'null', '20 mph', '20', '20', 'WSW', 'https://api.weather.gov/icons/land/night/sct?size=small', 'Partly Cloudy', '');
INSERT INTO `niceweatherdb`.`period` (`id`, `forecast_id`, `number`, `name`, `start_time`, `end_time`, `is_daytime`, `temperature`, `temperature_unit`, `temperature_trend`, `wind_speed`, `wind_min`, `wind_max`, `wind_direction`, `icon`, `short_forecast`, `detailed_forecast`) VALUES (134, 2, 120, '', '2022-04-25 23:00:00', '2022-04-26 00:00:00', 0, 19, 'F', 'null', '20 mph', '20', '20', 'WSW', 'https://api.weather.gov/icons/land/night/sct?size=small', 'Partly Cloudy', '');
INSERT INTO `niceweatherdb`.`period` (`id`, `forecast_id`, `number`, `name`, `start_time`, `end_time`, `is_daytime`, `temperature`, `temperature_unit`, `temperature_trend`, `wind_speed`, `wind_min`, `wind_max`, `wind_direction`, `icon`, `short_forecast`, `detailed_forecast`) VALUES (135, 2, 121, '', '2022-04-26 00:00:00', '2022-04-26 01:00:00', 0, 18, 'F', 'null', '20 mph', '20', '20', 'WSW', 'https://api.weather.gov/icons/land/night/sct?size=small', 'Partly Cloudy', '');
INSERT INTO `niceweatherdb`.`period` (`id`, `forecast_id`, `number`, `name`, `start_time`, `end_time`, `is_daytime`, `temperature`, `temperature_unit`, `temperature_trend`, `wind_speed`, `wind_min`, `wind_max`, `wind_direction`, `icon`, `short_forecast`, `detailed_forecast`) VALUES (136, 2, 122, '', '2022-04-26 01:00:00', '2022-04-26 02:00:00', 0, 17, 'F', 'null', '20 mph', '20', '20', 'WSW', 'https://api.weather.gov/icons/land/night/sct?size=small', 'Partly Cloudy', '');
INSERT INTO `niceweatherdb`.`period` (`id`, `forecast_id`, `number`, `name`, `start_time`, `end_time`, `is_daytime`, `temperature`, `temperature_unit`, `temperature_trend`, `wind_speed`, `wind_min`, `wind_max`, `wind_direction`, `icon`, `short_forecast`, `detailed_forecast`) VALUES (137, 2, 123, '', '2022-04-26 02:00:00', '2022-04-26 03:00:00', 0, 17, 'F', 'null', '20 mph', '20', '20', 'WSW', 'https://api.weather.gov/icons/land/night/sct?size=small', 'Partly Cloudy', '');
INSERT INTO `niceweatherdb`.`period` (`id`, `forecast_id`, `number`, `name`, `start_time`, `end_time`, `is_daytime`, `temperature`, `temperature_unit`, `temperature_trend`, `wind_speed`, `wind_min`, `wind_max`, `wind_direction`, `icon`, `short_forecast`, `detailed_forecast`) VALUES (138, 2, 124, '', '2022-04-26 03:00:00', '2022-04-26 04:00:00', 0, 16, 'F', 'null', '20 mph', '20', '20', 'WSW', 'https://api.weather.gov/icons/land/night/sct?size=small', 'Partly Cloudy', '');
INSERT INTO `niceweatherdb`.`period` (`id`, `forecast_id`, `number`, `name`, `start_time`, `end_time`, `is_daytime`, `temperature`, `temperature_unit`, `temperature_trend`, `wind_speed`, `wind_min`, `wind_max`, `wind_direction`, `icon`, `short_forecast`, `detailed_forecast`) VALUES (139, 2, 125, '', '2022-04-26 04:00:00', '2022-04-26 05:00:00', 0, 15, 'F', 'null', '20 mph', '20', '20', 'WSW', 'https://api.weather.gov/icons/land/night/sct?size=small', 'Partly Cloudy', '');
INSERT INTO `niceweatherdb`.`period` (`id`, `forecast_id`, `number`, `name`, `start_time`, `end_time`, `is_daytime`, `temperature`, `temperature_unit`, `temperature_trend`, `wind_speed`, `wind_min`, `wind_max`, `wind_direction`, `icon`, `short_forecast`, `detailed_forecast`) VALUES (140, 2, 126, '', '2022-04-26 05:00:00', '2022-04-26 06:00:00', 0, 15, 'F', 'null', '20 mph', '20', '20', 'WSW', 'https://api.weather.gov/icons/land/night/sct?size=small', 'Partly Cloudy', '');
INSERT INTO `niceweatherdb`.`period` (`id`, `forecast_id`, `number`, `name`, `start_time`, `end_time`, `is_daytime`, `temperature`, `temperature_unit`, `temperature_trend`, `wind_speed`, `wind_min`, `wind_max`, `wind_direction`, `icon`, `short_forecast`, `detailed_forecast`) VALUES (141, 2, 127, '', '2022-04-26 06:00:00', '2022-04-26 07:00:00', 1, 15, 'F', 'null', '20 mph', '20', '20', 'W', 'https://api.weather.gov/icons/land/day/sct?size=small', 'Mostly Sunny', '');
INSERT INTO `niceweatherdb`.`period` (`id`, `forecast_id`, `number`, `name`, `start_time`, `end_time`, `is_daytime`, `temperature`, `temperature_unit`, `temperature_trend`, `wind_speed`, `wind_min`, `wind_max`, `wind_direction`, `icon`, `short_forecast`, `detailed_forecast`) VALUES (142, 2, 128, '', '2022-04-26 07:00:00', '2022-04-26 08:00:00', 1, 17, 'F', 'null', '20 mph', '20', '20', 'W', 'https://api.weather.gov/icons/land/day/sct?size=small', 'Mostly Sunny', '');
INSERT INTO `niceweatherdb`.`period` (`id`, `forecast_id`, `number`, `name`, `start_time`, `end_time`, `is_daytime`, `temperature`, `temperature_unit`, `temperature_trend`, `wind_speed`, `wind_min`, `wind_max`, `wind_direction`, `icon`, `short_forecast`, `detailed_forecast`) VALUES (143, 2, 129, '', '2022-04-26 08:00:00', '2022-04-26 09:00:00', 1, 20, 'F', 'null', '20 mph', '20', '20', 'W', 'https://api.weather.gov/icons/land/day/sct?size=small', 'Mostly Sunny', '');
INSERT INTO `niceweatherdb`.`period` (`id`, `forecast_id`, `number`, `name`, `start_time`, `end_time`, `is_daytime`, `temperature`, `temperature_unit`, `temperature_trend`, `wind_speed`, `wind_min`, `wind_max`, `wind_direction`, `icon`, `short_forecast`, `detailed_forecast`) VALUES (144, 2, 130, '', '2022-04-26 09:00:00', '2022-04-26 10:00:00', 1, 23, 'F', 'null', '20 mph', '20', '20', 'W', 'https://api.weather.gov/icons/land/day/sct?size=small', 'Mostly Sunny', '');
INSERT INTO `niceweatherdb`.`period` (`id`, `forecast_id`, `number`, `name`, `start_time`, `end_time`, `is_daytime`, `temperature`, `temperature_unit`, `temperature_trend`, `wind_speed`, `wind_min`, `wind_max`, `wind_direction`, `icon`, `short_forecast`, `detailed_forecast`) VALUES (145, 2, 131, '', '2022-04-26 10:00:00', '2022-04-26 11:00:00', 1, 26, 'F', 'null', '20 mph', '20', '20', 'W', 'https://api.weather.gov/icons/land/day/sct?size=small', 'Mostly Sunny', '');
INSERT INTO `niceweatherdb`.`period` (`id`, `forecast_id`, `number`, `name`, `start_time`, `end_time`, `is_daytime`, `temperature`, `temperature_unit`, `temperature_trend`, `wind_speed`, `wind_min`, `wind_max`, `wind_direction`, `icon`, `short_forecast`, `detailed_forecast`) VALUES (146, 2, 132, '', '2022-04-26 11:00:00', '2022-04-26 12:00:00', 1, 29, 'F', 'null', '20 mph', '20', '20', 'W', 'https://api.weather.gov/icons/land/day/sct?size=small', 'Mostly Sunny', '');
INSERT INTO `niceweatherdb`.`period` (`id`, `forecast_id`, `number`, `name`, `start_time`, `end_time`, `is_daytime`, `temperature`, `temperature_unit`, `temperature_trend`, `wind_speed`, `wind_min`, `wind_max`, `wind_direction`, `icon`, `short_forecast`, `detailed_forecast`) VALUES (147, 2, 133, '', '2022-04-26 12:00:00', '2022-04-26 13:00:00', 1, 31, 'F', 'null', '20 mph', '20', '20', 'W', 'https://api.weather.gov/icons/land/day/sct?size=small', 'Mostly Sunny', '');
INSERT INTO `niceweatherdb`.`period` (`id`, `forecast_id`, `number`, `name`, `start_time`, `end_time`, `is_daytime`, `temperature`, `temperature_unit`, `temperature_trend`, `wind_speed`, `wind_min`, `wind_max`, `wind_direction`, `icon`, `short_forecast`, `detailed_forecast`) VALUES (148, 2, 134, '', '2022-04-26 13:00:00', '2022-04-26 14:00:00', 1, 33, 'F', 'null', '20 mph', '20', '20', 'W', 'https://api.weather.gov/icons/land/day/sct?size=small', 'Mostly Sunny', '');
INSERT INTO `niceweatherdb`.`period` (`id`, `forecast_id`, `number`, `name`, `start_time`, `end_time`, `is_daytime`, `temperature`, `temperature_unit`, `temperature_trend`, `wind_speed`, `wind_min`, `wind_max`, `wind_direction`, `icon`, `short_forecast`, `detailed_forecast`) VALUES (149, 2, 135, '', '2022-04-26 14:00:00', '2022-04-26 15:00:00', 1, 34, 'F', 'null', '20 mph', '20', '20', 'W', 'https://api.weather.gov/icons/land/day/sct?size=small', 'Mostly Sunny', '');
INSERT INTO `niceweatherdb`.`period` (`id`, `forecast_id`, `number`, `name`, `start_time`, `end_time`, `is_daytime`, `temperature`, `temperature_unit`, `temperature_trend`, `wind_speed`, `wind_min`, `wind_max`, `wind_direction`, `icon`, `short_forecast`, `detailed_forecast`) VALUES (150, 2, 136, '', '2022-04-26 15:00:00', '2022-04-26 16:00:00', 1, 34, 'F', 'null', '20 mph', '20', '20', 'W', 'https://api.weather.gov/icons/land/day/sct?size=small', 'Mostly Sunny', '');
INSERT INTO `niceweatherdb`.`period` (`id`, `forecast_id`, `number`, `name`, `start_time`, `end_time`, `is_daytime`, `temperature`, `temperature_unit`, `temperature_trend`, `wind_speed`, `wind_min`, `wind_max`, `wind_direction`, `icon`, `short_forecast`, `detailed_forecast`) VALUES (151, 2, 137, '', '2022-04-26 16:00:00', '2022-04-26 17:00:00', 1, 34, 'F', 'null', '20 mph', '20', '20', 'W', 'https://api.weather.gov/icons/land/day/sct?size=small', 'Mostly Sunny', '');
INSERT INTO `niceweatherdb`.`period` (`id`, `forecast_id`, `number`, `name`, `start_time`, `end_time`, `is_daytime`, `temperature`, `temperature_unit`, `temperature_trend`, `wind_speed`, `wind_min`, `wind_max`, `wind_direction`, `icon`, `short_forecast`, `detailed_forecast`) VALUES (152, 2, 138, '', '2022-04-26 17:00:00', '2022-04-26 18:00:00', 1, 32, 'F', 'null', '20 mph', '20', '20', 'W', 'https://api.weather.gov/icons/land/day/sct?size=small', 'Mostly Sunny', '');
INSERT INTO `niceweatherdb`.`period` (`id`, `forecast_id`, `number`, `name`, `start_time`, `end_time`, `is_daytime`, `temperature`, `temperature_unit`, `temperature_trend`, `wind_speed`, `wind_min`, `wind_max`, `wind_direction`, `icon`, `short_forecast`, `detailed_forecast`) VALUES (153, 2, 139, '', '2022-04-26 18:00:00', '2022-04-26 19:00:00', 0, 31, 'F', 'null', '20 mph', '20', '20', 'W', 'https://api.weather.gov/icons/land/night/sct?size=small', 'Partly Cloudy', '');
INSERT INTO `niceweatherdb`.`period` (`id`, `forecast_id`, `number`, `name`, `start_time`, `end_time`, `is_daytime`, `temperature`, `temperature_unit`, `temperature_trend`, `wind_speed`, `wind_min`, `wind_max`, `wind_direction`, `icon`, `short_forecast`, `detailed_forecast`) VALUES (154, 2, 140, '', '2022-04-26 19:00:00', '2022-04-26 20:00:00', 0, 29, 'F', 'null', '20 mph', '20', '20', 'W', 'https://api.weather.gov/icons/land/night/sct?size=small', 'Partly Cloudy', '');
INSERT INTO `niceweatherdb`.`period` (`id`, `forecast_id`, `number`, `name`, `start_time`, `end_time`, `is_daytime`, `temperature`, `temperature_unit`, `temperature_trend`, `wind_speed`, `wind_min`, `wind_max`, `wind_direction`, `icon`, `short_forecast`, `detailed_forecast`) VALUES (155, 2, 141, '', '2022-04-26 20:00:00', '2022-04-26 21:00:00', 0, 28, 'F', 'null', '20 mph', '20', '20', 'W', 'https://api.weather.gov/icons/land/night/sct?size=small', 'Partly Cloudy', '');
INSERT INTO `niceweatherdb`.`period` (`id`, `forecast_id`, `number`, `name`, `start_time`, `end_time`, `is_daytime`, `temperature`, `temperature_unit`, `temperature_trend`, `wind_speed`, `wind_min`, `wind_max`, `wind_direction`, `icon`, `short_forecast`, `detailed_forecast`) VALUES (156, 2, 142, '', '2022-04-26 21:00:00', '2022-04-26 22:00:00', 0, 26, 'F', 'null', '20 mph', '20', '20', 'W', 'https://api.weather.gov/icons/land/night/sct?size=small', 'Partly Cloudy', '');
INSERT INTO `niceweatherdb`.`period` (`id`, `forecast_id`, `number`, `name`, `start_time`, `end_time`, `is_daytime`, `temperature`, `temperature_unit`, `temperature_trend`, `wind_speed`, `wind_min`, `wind_max`, `wind_direction`, `icon`, `short_forecast`, `detailed_forecast`) VALUES (157, 2, 143, '', '2022-04-26 22:00:00', '2022-04-26 23:00:00', 0, 25, 'F', 'null', '20 mph', '20', '20', 'W', 'https://api.weather.gov/icons/land/night/sct?size=small', 'Partly Cloudy', '');
INSERT INTO `niceweatherdb`.`period` (`id`, `forecast_id`, `number`, `name`, `start_time`, `end_time`, `is_daytime`, `temperature`, `temperature_unit`, `temperature_trend`, `wind_speed`, `wind_min`, `wind_max`, `wind_direction`, `icon`, `short_forecast`, `detailed_forecast`) VALUES (158, 2, 144, '', '2022-04-26 23:00:00', '2022-04-27 00:00:00', 0, 24, 'F', 'null', '20 mph', '20', '20', 'W', 'https://api.weather.gov/icons/land/night/sct?size=small', 'Partly Cloudy', '');
INSERT INTO `niceweatherdb`.`period` (`id`, `forecast_id`, `number`, `name`, `start_time`, `end_time`, `is_daytime`, `temperature`, `temperature_unit`, `temperature_trend`, `wind_speed`, `wind_min`, `wind_max`, `wind_direction`, `icon`, `short_forecast`, `detailed_forecast`) VALUES (159, 2, 145, '', '2022-04-27 00:00:00', '2022-04-27 01:00:00', 0, 23, 'F', 'null', '20 mph', '20', '20', 'W', 'https://api.weather.gov/icons/land/night/few?size=small', 'Mostly Clear', '');
INSERT INTO `niceweatherdb`.`period` (`id`, `forecast_id`, `number`, `name`, `start_time`, `end_time`, `is_daytime`, `temperature`, `temperature_unit`, `temperature_trend`, `wind_speed`, `wind_min`, `wind_max`, `wind_direction`, `icon`, `short_forecast`, `detailed_forecast`) VALUES (160, 2, 146, '', '2022-04-27 01:00:00', '2022-04-27 02:00:00', 0, 22, 'F', 'null', '20 mph', '20', '20', 'W', 'https://api.weather.gov/icons/land/night/few?size=small', 'Mostly Clear', '');
INSERT INTO `niceweatherdb`.`period` (`id`, `forecast_id`, `number`, `name`, `start_time`, `end_time`, `is_daytime`, `temperature`, `temperature_unit`, `temperature_trend`, `wind_speed`, `wind_min`, `wind_max`, `wind_direction`, `icon`, `short_forecast`, `detailed_forecast`) VALUES (161, 2, 147, '', '2022-04-27 02:00:00', '2022-04-27 03:00:00', 0, 22, 'F', 'null', '20 mph', '20', '20', 'W', 'https://api.weather.gov/icons/land/night/few?size=small', 'Mostly Clear', '');
INSERT INTO `niceweatherdb`.`period` (`id`, `forecast_id`, `number`, `name`, `start_time`, `end_time`, `is_daytime`, `temperature`, `temperature_unit`, `temperature_trend`, `wind_speed`, `wind_min`, `wind_max`, `wind_direction`, `icon`, `short_forecast`, `detailed_forecast`) VALUES (162, 2, 148, '', '2022-04-27 03:00:00', '2022-04-27 04:00:00', 0, 22, 'F', 'null', '20 mph', '20', '20', 'W', 'https://api.weather.gov/icons/land/night/few?size=small', 'Mostly Clear', '');
INSERT INTO `niceweatherdb`.`period` (`id`, `forecast_id`, `number`, `name`, `start_time`, `end_time`, `is_daytime`, `temperature`, `temperature_unit`, `temperature_trend`, `wind_speed`, `wind_min`, `wind_max`, `wind_direction`, `icon`, `short_forecast`, `detailed_forecast`) VALUES (163, 2, 149, '', '2022-04-27 04:00:00', '2022-04-27 05:00:00', 0, 22, 'F', 'null', '20 mph', '20', '20', 'W', 'https://api.weather.gov/icons/land/night/few?size=small', 'Mostly Clear', '');
INSERT INTO `niceweatherdb`.`period` (`id`, `forecast_id`, `number`, `name`, `start_time`, `end_time`, `is_daytime`, `temperature`, `temperature_unit`, `temperature_trend`, `wind_speed`, `wind_min`, `wind_max`, `wind_direction`, `icon`, `short_forecast`, `detailed_forecast`) VALUES (164, 2, 150, '', '2022-04-27 05:00:00', '2022-04-27 06:00:00', 0, 21, 'F', 'null', '20 mph', '20', '20', 'W', 'https://api.weather.gov/icons/land/night/few?size=small', 'Mostly Clear', '');
INSERT INTO `niceweatherdb`.`period` (`id`, `forecast_id`, `number`, `name`, `start_time`, `end_time`, `is_daytime`, `temperature`, `temperature_unit`, `temperature_trend`, `wind_speed`, `wind_min`, `wind_max`, `wind_direction`, `icon`, `short_forecast`, `detailed_forecast`) VALUES (165, 2, 151, '', '2022-04-27 06:00:00', '2022-04-27 07:00:00', 1, 22, 'F', 'null', '20 mph', '20', '20', 'W', 'https://api.weather.gov/icons/land/day/few?size=small', 'Sunny', '');
INSERT INTO `niceweatherdb`.`period` (`id`, `forecast_id`, `number`, `name`, `start_time`, `end_time`, `is_daytime`, `temperature`, `temperature_unit`, `temperature_trend`, `wind_speed`, `wind_min`, `wind_max`, `wind_direction`, `icon`, `short_forecast`, `detailed_forecast`) VALUES (166, 2, 152, '', '2022-04-27 07:00:00', '2022-04-27 08:00:00', 1, 24, 'F', 'null', '20 mph', '20', '20', 'W', 'https://api.weather.gov/icons/land/day/few?size=small', 'Sunny', '');
INSERT INTO `niceweatherdb`.`period` (`id`, `forecast_id`, `number`, `name`, `start_time`, `end_time`, `is_daytime`, `temperature`, `temperature_unit`, `temperature_trend`, `wind_speed`, `wind_min`, `wind_max`, `wind_direction`, `icon`, `short_forecast`, `detailed_forecast`) VALUES (167, 2, 153, '', '2022-04-27 08:00:00', '2022-04-27 09:00:00', 1, 26, 'F', 'null', '20 mph', '20', '20', 'W', 'https://api.weather.gov/icons/land/day/few?size=small', 'Sunny', '');
INSERT INTO `niceweatherdb`.`period` (`id`, `forecast_id`, `number`, `name`, `start_time`, `end_time`, `is_daytime`, `temperature`, `temperature_unit`, `temperature_trend`, `wind_speed`, `wind_min`, `wind_max`, `wind_direction`, `icon`, `short_forecast`, `detailed_forecast`) VALUES (168, 2, 154, '', '2022-04-27 09:00:00', '2022-04-27 10:00:00', 1, 29, 'F', 'null', '20 mph', '20', '20', 'W', 'https://api.weather.gov/icons/land/day/few?size=small', 'Sunny', '');
INSERT INTO `niceweatherdb`.`period` (`id`, `forecast_id`, `number`, `name`, `start_time`, `end_time`, `is_daytime`, `temperature`, `temperature_unit`, `temperature_trend`, `wind_speed`, `wind_min`, `wind_max`, `wind_direction`, `icon`, `short_forecast`, `detailed_forecast`) VALUES (169, 2, 155, '', '2022-04-27 10:00:00', '2022-04-27 11:00:00', 1, 31, 'F', 'null', '20 mph', '20', '20', 'W', 'https://api.weather.gov/icons/land/day/few?size=small', 'Sunny', '');
INSERT INTO `niceweatherdb`.`period` (`id`, `forecast_id`, `number`, `name`, `start_time`, `end_time`, `is_daytime`, `temperature`, `temperature_unit`, `temperature_trend`, `wind_speed`, `wind_min`, `wind_max`, `wind_direction`, `icon`, `short_forecast`, `detailed_forecast`) VALUES (170, 2, 156, '', '2022-04-27 11:00:00', '2022-04-27 12:00:00', 1, 33, 'F', 'null', '20 mph', '20', '20', 'W', 'https://api.weather.gov/icons/land/day/few?size=small', 'Sunny', '');

COMMIT;

